cost_shifting_intensity,discharge_delay_base,fragmentation_index,political_salience,outcome
0.07451354756907312,1.1330692824494177,0.9687075413274323,0.4767590981317576,0.9598268314822352
0.3560545567508179,0.9380357677736644,1.084276988165879,0.2095629293348197,0.9845957340018205
0.796079789856634,1.1235777564595506,0.9435757834352753,0.16348329673776796,1.0113537453032364
0.7773357590469545,1.098121215068181,1.1870797119337295,0.12813874648424398,1.028614483652845
0.5150784937613095,1.0975397718617699,0.9746937467672959,0.28335445880860666,1.0072487148444764
0.18607874443636607,0.8160493448084409,0.8933162859085866,0.3151358198064864,0.9564665661411486
0.5324040367544399,1.176442284942302,0.9665667308878012,0.19313776845289066,1.0334039030325202
0.525982529766585,0.9562571659999272,1.1721144862966515,0.1859784314233134,0.9961012426623148
0.4688394340589034,0.8402828362727894,0.8027943611685433,0.35456585617407477,0.9504433180117549
0.7768232516388616,1.0025133995116906,0.9751218798110844,0.3334219247319319,0.9853342202355048
0.6676892600254992,1.0696167602066828,0.9405280770212856,0.19591782139298208,0.9947984502618787
0.13187285806780213,1.0088904119578437,1.0961606270407953,0.13875745999262895,0.9609961093882994
0.22637555109484508,0.8638539902284996,1.0585109944142188,0.304444303354326,0.9757613866721092
0.5935302236795232,1.0595499586321124,0.8599794783780623,0.12365936037881582,0.9843029026877155
0.521563378294449,1.0433818247865814,0.9606067858023231,0.38965723260938123,0.987811211503318
0.16495208699231945,1.062357445798551,1.2712956921842888,0.482495275741358,1.0143859243743392
0.5838885560663704,0.751766438484693,1.010282909097725,0.12200845848441273,0.9752369840034358
0.7799855819162625,0.9311890310631693,0.849855343586475,0.29554033801829743,0.961132633513708
0.15223517384068042,1.0578552548846616,0.9748403159354477,0.26881310492826777,0.9573003468447668
0.3708836113184121,0.9536098823126548,1.1633402819230396,0.14640722353201868,0.9948840586642499
0.6097884639143384,1.098982544375339,0.7013818646799547,0.2660977916511613,0.9896467528791033
0.5170247215871222,1.1066600952986965,0.8988096865532217,0.21453623857231874,1.0041951051734965
0.6466649788705782,1.093093817826418,1.051947466459481,0.23418910651006342,1.0164016781016385
0.6501393293063317,1.2974276087059327,1.1196418987182282,0.48147020586413364,1.1275003928923981
0.5050924748591299,0.9271831883835814,1.1117433425210512,0.4015410430326359,0.991505103119384
0.5093122616953868,0.862881000621581,1.0054222711017549,0.13145398258623606,0.9732600377549712
0.14327554983614493,1.0333542381442822,0.8104695220584454,0.11527254934372762,0.9393891589803598
0.35754262809493687,1.2064376999374264,1.0867350805683282,0.1082681888805897,1.0650849373606301
0.5787983314232231,0.9787616420982168,0.9725730018135511,0.1292237702487727,0.980090828770557
0.5962615910820286,1.0108864658568968,1.1286741260362139,0.27664270659720924,1.0001515402474999
0.7548092548781046,0.9639172737992393,1.0103132932837635,0.42119133466656367,0.976310684976857
0.3776999316722074,0.9754706341621316,0.7755032198877314,0.18273884486640082,0.9584410353199834
0.30797532375227765,1.257917577681358,0.7171290887404872,0.35689871257244504,1.0612170885679983
0.3152318703883801,0.9345754438751125,1.074177792275286,0.14547194805844196,0.9819026515088835
0.5494816282077862,0.8922042619425522,1.1334027540098182,0.2932608909687779,0.9870816676452161
0.538293148373538,0.9568204736681355,1.1727373370581329,0.17313239296408747,1.000864128674224
0.6675605864637232,1.1645999950108994,1.1057821368301293,0.35154323379707336,1.043940152504919
0.13444380557414554,1.196124474377956,0.9964106071835286,0.4133666248104768,0.9910260816217636
0.4831601549071144,0.9181457457418655,0.8757672302794365,0.32674204873461615,0.9650449586344185
0.45959458057716096,0.9637822700154466,1.1297914133442877,0.21776489480847416,0.9920404180315036
0.6650612964005992,1.1742193187655916,0.9550437331391438,0.44816302121645535,1.0255887710299558
0.09685718730400304,1.1612735185058656,0.797404698718957,0.21113601547335656,0.9529651158718003
0.1788841007250327,1.1897643541366936,1.0000395495027408,0.18922762122289338,1.0389287024818474
0.2583770075886115,1.113789111643358,1.0329735601973185,0.3274057398598796,1.0223569939450698
0.5899942879619766,0.7745323843952979,1.045954691279882,0.23486046794035498,0.9718538547548642
0.4182792079386924,1.0097905099758653,0.9969829579312317,0.3097138183385878,0.9868183331304528
0.17448312694347307,0.7666377940758718,1.081822980793792,0.31390767775817796,0.9714495067663794
0.6959640639653523,1.2297964648583568,1.0561482124903965,0.33544274690522896,1.0731247341351648
0.562155483540693,1.0184537376492515,0.9242260522480577,0.48284507951730915,0.9839332459161151
0.6164414856771848,0.7697763479657895,0.9346681482274878,0.39311309810411094,0.9558206480164289
0.3366180705273703,0.8288040026092484,0.9288111418112723,0.3192664289845675,0.9573868059625058
0.31377675580396813,1.0128081316568094,0.8527663074985781,0.2975405217497277,0.9767625155503656
0.05073837044069619,0.9190968880391412,0.92626460644145,0.18328389802725337,0.9400855919990295
0.7264039906593438,1.242337521063663,1.0952525253428105,0.4655806436865889,1.0869018968669026
0.49630331769325975,1.3927385048609633,1.0784073277074806,0.36346436459121967,1.1920627566378925
0.6738450700174881,0.978941562939426,1.0033367500198436,0.4333335933247762,0.9821772775492313
0.16660187520156045,1.0595696018728311,1.1612383626204028,0.29451842909218895,0.9991157739027052
0.6598028588066194,1.0217614467700062,0.9092794345280956,0.27643644154882324,0.9764779747317529
0.29925649677999544,1.1296018430635681,0.6946009915235505,0.4102983580463123,0.9997193224218044
0.39483084692331816,1.1376254662531549,1.0164079646935311,0.1392726352752208,1.0270842657880266
0.688520937301654,0.760384784328484,0.7982481363929322,0.22992912735343776,0.9453740300303906
0.1510126228896957,1.00923861517277,1.1045492261924943,0.4167704370314078,0.9623798190041002
0.3850850089109131,0.8652164165606399,0.7677204494595881,0.4440473626049357,0.9493129527599482
0.549944510415825,0.854541489297565,1.0675653743672335,0.44715104131198125,0.9769763342001057
0.38189810578596456,0.8940643054880317,0.9041242756409725,0.21770517911777765,0.9606296972390614
0.5091517848843894,0.9486350850041727,0.9741464836483628,0.3865292394056699,0.9743203180137255
0.18144151628314464,1.0996776666034382,0.9185521888426103,0.33953456396664594,0.9938059548647822
0.2997111792727325,1.008970795383945,0.9594152353374631,0.356367094830614,0.9860169799914772
0.20869462679931589,1.0421280788014655,1.1779297546009,0.32269100090808744,1.01359142904068
0.4114157621054283,0.9224604749450143,0.9327576691526128,0.3165991050372259,0.9621905293324939
0.09234617118789488,1.1376200303710031,1.09535419005967,0.210715953111823,0.9769539739583868
0.33105508132006123,0.9648117846116833,0.8167165632723293,0.27579899125620855,0.9624969226295599
0.49648768068601395,0.9814714132599179,0.9537257911476539,0.3911592714152883,0.9766297075793376
0.0989064818687427,1.0358451535605664,1.0349346702530797,0.13587347825564997,0.9592896553530483
0.7874456879121128,1.0907470223529845,0.8452605552820801,0.3948916265917397,0.9885528405899698
0.2500416588167886,1.173034858090601,1.0705306428066241,0.10897815948783528,1.0438514751481236
0.6177752770994157,1.0685432650125133,0.8724380136595442,0.11885457101122197,0.9868886599286197
0.4696272403842798,0.9146030029752357,0.8733158660924969,0.10248557553893578,0.9558682162400188
0.597620725559185,1.0302282573799593,1.1537081697735074,0.17890067397129028,1.0087195456847071
0.6497246284372862,0.9749730599552758,1.0438341014166646,0.4953705896757804,0.9870704284178153
0.7290269316596663,0.8608022400715497,1.1122317723504422,0.36221966733704014,0.981647589942211
0.35947391198298406,0.832441727831971,1.031976198668692,0.2541016230757995,0.9729910953622595
0.09690758190773364,1.060592961028411,0.8780578068071788,0.3642635282183754,0.9495566317321208
0.2886778107712572,1.2349955399904893,0.8688867152859127,0.2248342429832232,1.0565459679334792
0.32214573510518213,1.0093078981282337,1.228321094906215,0.1937588855340347,1.0136961945477894
0.7901525861168136,0.7736718295297471,0.7750768074072731,0.2481209071899071,0.9496405919794422
0.3694859213632175,1.1681651174978276,0.8105941728252056,0.4099860676128554,1.0146002742487303
0.5203189463011341,0.9955955960287913,0.9161233934189258,0.279159127428975,0.9782916688460601
0.586193709293061,1.0396750742687808,1.0585568002185866,0.23749513690109048,1.0032052543047634
0.7704701871127438,1.2138208854251273,1.1454436944448525,0.26029819424773587,1.0738485145924235
0.28706830676442124,0.6897691893592139,0.9246207107779647,0.15503724460027024,0.9624206715943254
0.24921369405359944,0.9525128500992874,1.0524384923082934,0.3477525716439489,0.9853549183917565
0.250353427795051,1.0369978619102396,1.0048343698739286,0.36940496078195195,0.99942404175614
0.3227802789763436,1.0098921875683842,0.915742436557509,0.2023902237416335,0.9841684219732636
0.7042385598556862,0.9273976292953247,1.2037760433257092,0.467083902062416,0.9967760485819497
0.7768595575625992,0.8586105495038066,0.9962897492610642,0.3785114880667564,0.968116086140709
0.5915328819471709,1.1474769541684295,1.2508186206385794,0.1458029549486177,1.0532771370923217
0.758868606349189,1.0902308752000314,0.8617344345177356,0.18690731131062843,0.9925163075011753
0.4588181588482491,1.367954872125114,0.9725727510650256,0.18981160219386983,1.1718039575115413
0.5886860486629247,0.8507421797283186,0.7714977093726639,0.198482262736171,0.9483713349798581
0.721338298208006,1.1068312577855302,1.0216148016216613,0.37004671846317283,1.014473639426691
0.12088160406075645,1.0234301734843552,0.9161594996402811,0.11903121325267625,0.9483416692877211
0.13907853044739676,0.9820768150748759,1.1560882006863786,0.45496080297325303,0.9628920581313831
0.31220366114256837,0.7657224662219522,1.147447166345097,0.13936716397930882,0.9821609381162337
0.37082835855165136,0.8665585715962204,0.7812809578138622,0.10722684883299571,0.9473628036666332
0.6339202007651968,1.0830654571875453,0.8948241254907653,0.24478361339840915,0.999475094109771
0.07350393153857744,0.9332500201073374,0.8287094861819778,0.20120217611801283,0.9362634889537894
0.682007533607251,0.9906919233877295,0.9638011108327332,0.11366947607160363,0.9837210192678271
0.46694008491026695,1.235102190346461,1.0358868193573758,0.35760413461323126,1.0698800029072268
0.7303001058620309,1.0677368784496684,0.8866294373581693,0.3824835403702404,0.9846247001644691
0.3526416407115563,1.1047097547297358,0.9473075978981526,0.48863642232135324,1.0060230777470744
0.5451973318471472,1.1827588774108504,0.9618262845587774,0.4705367150924214,1.0330947006093611
0.752250618680654,1.091709262103496,0.965950180336019,0.10544362602695495,1.000502599100718
0.08180467768029444,1.0895819547177414,0.8890312555538445,0.2554896060871134,0.9463067387719828
0.2942601613585794,0.9493289842594806,0.8755578019336753,0.4781377470255269,0.9622226045244217
0.2829212833338603,1.0603989203637203,1.228382961275726,0.44433978283808473,1.0244570572850191
0.6883782531780241,1.0995312965279072,1.0437617473726561,0.1892363908832867,1.0125148612345831
0.6945260303724017,1.0045962140225677,0.9962471740096168,0.40204553254414566,0.9846889539338022
0.3429165733149977,0.9224371104973718,0.9592928175081739,0.16978270345449784,0.9682179348462903
0.6863726145328067,0.9275728973382954,1.1366693055212853,0.34833271329496035,0.9832292538266273
0.6957293105024983,0.9240607568652335,1.0614137422424665,0.4018780538106814,0.9852397526965249
0.08532524281006075,1.1179805260314928,1.2002145453865343,0.38631858987017376,0.9800601603728035
0.2863092585652064,0.886185697814196,1.2681439753289652,0.322050950833963,1.0019465554482765
0.5641148308517886,1.0013631029973131,1.0281042364120396,0.19362093181593532,0.9926617887947421
0.3708103788695894,0.6729173235306817,0.9596999477216367,0.29529876974466435,0.9603641744429796
0.11169883524054165,1.0822654717875941,1.143898831260886,0.13887561684262936,0.971445619528177
0.4025987173573497,1.0067058099914947,0.8713426516278132,0.25837536965486274,0.97380545881602
0.7075802368833383,1.044790178191791,1.0320908957352561,0.21359318908099922,0.9947411136120945
0.3389567557156836,1.2463180730432268,1.0798768247122377,0.21925817604227338,1.0909300362034198
0.466360752400298,0.814345122939167,1.2224281600372124,0.474510310322416,0.9889615249347455
0.35929225667386827,1.1151644749847356,0.9726087757310757,0.20722674555079995,1.0165814009614298
0.60816088402565,0.9063012740883838,1.0570770026413596,0.29477956500731656,0.9709718182596913
0.38978520531682176,0.9533315661766226,1.0403631169304537,0.1619606158457823,0.9831593311946707
0.32347031854620606,0.9038009009326964,0.8618861005494015,0.22960200084214819,0.9578190514412146
0.2252121174404237,1.1516144741866208,0.9115755287883586,0.1474982548528566,1.0183606448911804
0.36608436366776465,0.9941178324373949,1.0411592867138708,0.1771985247205722,0.9805271516083444
0.27543193970425583,0.7733294204107022,1.0079166723876007,0.38042716042830693,0.9703473836533065
0.4143830865100467,1.1166401559981973,0.9534263741447977,0.42903185214407435,1.0078363625963687
0.5805009578918338,1.2108038911378922,0.9908191089730916,0.24475471608760266,1.0552204606918918
0.5423299896038591,1.2056762113583057,1.0221430795639275,0.46688060085559435,1.0597055929922008
0.3166987242243473,0.9978997110151354,1.0812588952843545,0.289857873102012,0.9961487331833554
0.2942960439191383,1.2035461141351245,1.0061506154450945,0.4022495233036352,1.0562221012644564
0.10442065404483027,1.1051176251631047,1.1166587494638238,0.4205612827063703,0.9688974033979015
0.05393845053276915,1.0740222271779232,1.199476230098744,0.13077353462300167,0.9775002688400318
0.35128182918130724,1.0970499832557838,0.9815954964013148,0.3531973881978454,1.0053396778197672
0.5104138021456773,1.1673960351351282,1.1765669982336369,0.3375023501212513,1.0466960568002412
0.6137246782473024,1.0443070696461336,1.0566843685486067,0.34137088964597617,0.9993946923080758
0.15033198848654183,1.0902274787532278,1.0276194049500371,0.27850316681108106,0.976938922902945
0.12575356385683806,0.6393307947394226,1.096431762041542,0.48698176643644975,0.9476263501848763
0.09314134317186541,0.9232304723918785,0.9757432422379416,0.44399585333908614,0.9356566472120239
0.3871219695382816,0.6946017423541603,1.156220503357436,0.43238758095400964,0.985182475268774
0.370800677704922,0.8194826623320085,1.0159942641278294,0.3155802383380333,0.9641435932465935
0.4589087771774679,1.0173160329045627,1.1301695117617203,0.19878105840830715,1.007094057097771
0.23852572613757328,0.827087479551204,1.064131252687648,0.36443278186419614,0.9729272683586029
0.7953777366751936,0.9486504085820836,0.8756194606242137,0.32293600818349294,0.9641986856372003
0.302847151350004,1.067639571135335,0.9797764899711185,0.33084759249217877,0.9978810825651774
0.20522653302308613,1.0822387768342596,1.2134299163940274,0.3650103171696658,1.0288322062533886
0.660409778306576,1.124834174394112,1.0268082745484814,0.15953321991008884,1.024426525151228
0.3069797099584233,1.1014936597453078,0.9899022098542755,0.2436161918883717,1.012783244837095
0.7835165082267588,0.9052619673444348,0.93873943208107,0.4056517266602874,0.9635164452016003
0.40777727675460834,1.097929912470882,0.8728259460770424,0.47997528744895385,1.0024867106252267
0.644537952735262,1.195764760580896,1.0522795398380682,0.42430200339225926,1.053850863004682
0.48522574756229386,0.8764412053181545,1.0106910890908762,0.4986366956864714,0.9740119300859764
0.3482013625997218,1.0455280853044948,0.8281919277418193,0.44815839519557826,0.982839286226584
0.35216787123263854,0.8961466158325876,0.8354625084195335,0.37681689579505967,0.9538250903169659
0.07780282432659254,1.106685579762406,1.0994752811813533,0.32065000691059375,0.9697891562664127
0.5308534997638994,0.980684636745098,1.0008186746356962,0.20099944378364248,0.9864103636781248
0.45291192407318226,0.8677776210050813,0.9187985567644857,0.1415708411217667,0.9654634911025377
0.7222076919074745,1.0413001503776562,0.9188106566980268,0.25330950984716954,0.98074620541146
0.6292352326683868,1.022825540254096,0.8090871671138914,0.27565548807169643,0.9737489399741184
0.45460319639325925,1.0414530983816703,0.9953753150692636,0.10627446463675679,0.992130161167203
0.27283629221610695,0.8624758049582826,0.9224723532871908,0.2578559740211866,0.961086913895203
0.15941899597210624,1.168656415627831,0.9348159970356126,0.20244333080809299,0.9927423434712214
0.4496097176862041,1.1404883497403877,1.0443796709022335,0.47651533620602593,1.0282342291005355
0.352942961321252,1.0157676039863572,0.8859704689490147,0.11778926603389134,0.9814246282198568
0.33078025282422807,1.223084621895901,1.0098489851874148,0.3229198825024703,1.063789269369742
0.6971788074171151,0.9047407105021527,0.951091788254017,0.3164736853304397,0.9712033834787093
0.6206034077820255,1.1463729781093506,0.9414779826608768,0.33021610787124533,1.0273653337542563
0.5953308267551313,1.1802614281430346,0.9331871358059688,0.37844847375505775,1.0299005805548327
0.4154631454233196,0.9828629523599384,1.004065073559644,0.46160423323345423,0.9845650422971353
0.734156702368763,0.8167820053635922,0.9599409148842842,0.43866203360763456,0.961959281510901
0.5648215950550648,1.1808847033768535,0.6995091393945595,0.17173506796190294,1.0136654527747158
0.44769499005587193,1.2289192214735447,1.0783778281642942,0.11027742126880571,1.078369355309538
0.173521653967054,1.0349354980656635,0.8690696198545842,0.367437012788427,0.9786077952565456
0.41623233241388097,0.9214667828555604,1.040813651331227,0.4694157940796339,0.9801995165651881
0.2806131377256661,1.0434856448342436,1.0638120896617125,0.3401725785496684,0.9986531782416794
0.3914909163350683,0.9609307112946094,0.9574901671126032,0.18096035781840497,0.9749751310537211
0.14308456687840632,0.8592306941673141,0.902545105237297,0.21431153608920328,0.9281035264145314
0.5897448865515655,0.9241907184801348,1.0484099778041402,0.12341134291765266,0.9843399657324212
0.6132426784970785,1.3661248363002059,1.1640776312237062,0.21239400007668696,1.185356683013403
0.2636131652726966,0.6582081781312602,1.010235241761538,0.4525089595848334,0.9708726399057076
0.06672748427394014,1.2243998071432332,0.9119370313934927,0.34096581609453586,0.9724600820723502
0.5575274490141158,0.9981275223444565,0.994584601486685,0.36398349978527467,0.9910000612099749
0.5893291785293918,1.067231444022924,0.9184567187957339,0.1616316096231985,0.9969363778892554
0.1775861866120088,0.979164758676967,0.7145864206071718,0.20622761323641423,0.9592591882140598
0.5604875656615288,1.1573258089126353,1.1453145281670771,0.248417570726297,1.0486387933412695
0.3822429222360601,0.8987356642147454,0.9194151429007477,0.47119045654034625,0.9624030533032858
0.261174470102815,1.1124979822689864,0.9771791472877467,0.3937364879882723,1.0127127493499355
0.4876771406075783,0.7398553019464363,1.1385891829552934,0.40570969038700294,0.9836598689522018
0.7338611955654646,1.3562826518765254,0.9886533329577653,0.37877476195141613,1.1635330619229578
0.40984799909816294,0.9347204368746824,0.781017001039015,0.31335992221810327,0.9540508003665297
0.2870705674158398,0.6243470490003655,0.9214162104793374,0.2629177514563775,0.9635978880229772
0.7052799248816424,1.4612922575476428,1.0618534097546606,0.14834447078922738,1.2440038334899755
0.5758656649098874,0.8413458073889186,0.9543426824070149,0.18629304667616978,0.9607727897646395
0.772961219731715,1.2320780665872595,1.0900732356565201,0.30407682262884306,1.0826184953889826
0.25776855020560113,1.0279792238299368,0.9184649656066398,0.3580497207106097,0.9842344423794243
0.6924029065998674,1.0722666907650775,0.9278425444098061,0.4159820203088385,0.9929769138316356
0.6113261123902456,1.1103643070228293,1.0093931502044597,0.35184285077730426,1.018417543191171
0.7566339179878802,0.8126033828439454,0.8992444353245311,0.40987425288912105,0.9594087814800119
0.2848871189590096,1.094688693892018,0.9021638812958857,0.43061831853119115,0.9978155321424806
0.17484443285037088,0.8321447147736647,0.9593596305456502,0.20798799878158675,0.9589447780801894
0.34352053211926625,0.8962893116897475,1.1550955734653872,0.4205057210273546,0.9837661145737329
0.1492076179502536,0.8567643706709204,1.126565867518779,0.34704071552979604,0.9553793428124526
0.7492051039794694,0.9467310850150018,0.9166774130833236,0.21277798068558984,0.9651698338039548
0.7063078010519782,1.1475564841176313,0.9380315517300242,0.1245271315048107,1.0169940900026042
0.5435894153926505,1.084697343452653,1.150064273806066,0.17726335513019054,1.029223197956957
0.22659725330475955,1.2230107787281337,0.9728444878995911,0.46326304617792546,1.0661547385161294
0.6161191837263186,0.9894959081640634,1.0227949523683668,0.32631174960221865,0.9884446375184656
0.42776715833380446,1.1601302114204342,1.0845212535728332,0.4613571111539294,1.0371998649864673
0.7526386420941151,1.1063017277808538,0.9968906937663035,0.2025155100894216,1.0075171966580427
0.7743478706967227,0.9429112606301627,0.8996624237846851,0.20163257251735067,0.9663555238611222
0.32320861097228454,0.9254268116108939,1.0449144099171241,0.4628221744846195,0.9767259924077047
0.5871219968132866,1.0206780693999802,1.0773511742311972,0.12230911508583048,1.0003982498249757
0.6946457607360704,1.1673783908229693,0.8284032017979882,0.22464743724963024,1.0101706527177823
0.10212260845868286,1.3454891675756089,1.1456129476001673,0.34275859229774336,1.0572889514914945
0.6247372485644143,0.9097858965185167,1.048621313013943,0.2427774788000487,0.975415967388361
0.7259649243969574,0.968280757969036,1.0381661127929105,0.2833438149401976,0.9825493740993249
0.19539146885596836,1.284039393545313,1.1281097900050647,0.3421374627485012,1.1202007470623765
0.7028128174162971,0.9707691762085524,1.0850566071713097,0.3310804361638257,0.9930673873403778
0.30772478338356946,1.3337558358823816,0.9698414343493433,0.17016457684358205,1.1317992514047757
0.48762458706776235,1.0298226863882765,0.9763395870129296,0.35790843134422096,0.9942976814509439
0.2700838891729046,0.9790721464911142,1.1779169910778984,0.4583856972981437,0.9996348375357791
0.20855427508423913,1.1611923803115165,0.930374879077698,0.11420288843011944,1.0202571222009358
0.40944473641792367,0.8740620521769286,1.0468164077626265,0.1802011643134348,0.974165926270637
0.7758364389584799,0.812659276842839,0.8305382793564952,0.4506785408223611,0.9453301428455296
0.11932856632152221,0.712709359204718,0.9007813836605201,0.13584465921113772,0.9283200178189744
0.7357750235793664,1.1580037831814867,1.191254264278687,0.16237063726801113,1.0519731278936173
0.09087302893491102,0.9227312495504729,1.0412440449703677,0.30000228346157176,0.9502160927347922
0.1272299011927534,1.010655868082193,0.9142066318885429,0.18668742052355616,0.9452469073038416
0.632897174076972,1.0877736311746062,1.0352075720922103,0.46396868560813803,1.0116745598326407
0.3884230704822378,1.2701985958879976,1.2365132619083745,0.23749828765455955,1.1204505538143468
0.7421954951465445,0.8216186696742894,1.0145166603765787,0.4568992300140753,0.9723341709091905
0.6034370858309658,0.9847001296345981,1.0026179856230812,0.14197640809012652,0.981708391710729
0.46190237585984345,0.9664679190564102,1.0249870022912209,0.45865917762978925,0.9797510192025385
0.6764161511500684,0.8887522452952515,1.0405520235015624,0.40305559894425524,0.9770266791009302
0.27904444932700634,1.0407268146996085,1.1166928668116824,0.4088366368079184,1.0086674030708214
0.5469879977213423,0.9970184307890934,1.0889296843521001,0.2947382272868901,0.9916921051902274
0.39215690590525554,0.9248083584363903,0.9455609326134388,0.23908364539175686,0.9687115324171005
0.42067788699513287,1.0774214369598902,1.1332400626358679,0.408215427196958,1.0188963874687045
0.33674967437564607,0.9335598419655995,1.0455783513129586,0.10281499319316292,0.981163213988055
0.08388119144494909,0.9507099303284818,1.072322893734874,0.17979821798535217,0.9484640589939133
0.32859071929197137,0.9569609189957778,1.001043095482171,0.30306603675039995,0.979960830822803
0.7732901692834128,0.7730801392646304,1.0727951231073207,0.45099832139955315,0.9700083709974804
0.7242165230431686,0.8927350346924293,1.117883102914562,0.3971092303065064,0.9845560012834682
0.416084002908252,1.0470698857638554,0.8071468762933832,0.2782700407235405,0.9766759994925464
0.5229248603141499,0.9835794408532257,1.0150029553187596,0.33592444907877544,0.9849263044997396
0.5166921849998563,0.9103644746046798,0.8875337292892981,0.3652650693453941,0.9633460874979379
0.08019951119070297,1.11764652486086,0.9855078978267171,0.3300973174799686,0.9602942151131103
0.41457818951668374,1.1999236636223531,1.0538941868906029,0.16283501552316673,1.0492294757716722
0.5388646422017972,0.9048746346486508,1.1444510940127488,0.19672033665421051,0.9880840039132017
0.25149371557165784,0.775161580402063,0.8074909224575733,0.28795838695663023,0.9466081038019972
0.3906697414133246,1.1533863814610308,0.9921006047870524,0.4349837158563252,1.0277443148359904
0.6457650036872902,1.0175006680698337,1.047164806675649,0.17896929490366154,0.9934892322510105
0.1302606862347659,1.1524219257575263,0.7962071378704398,0.12604743645013025,0.9575587376123081
0.5479222777132153,0.9879740850917246,1.1427703941442766,0.45209646099276785,0.9984489066685326
0.6432136378921866,0.9138607409823658,0.9496299577247868,0.4583115268627344,0.9731705864619696
0.27693780513071187,1.4118004944018379,0.9577987548050052,0.3963867841003467,1.1896705099941758
0.2544698480589485,1.0831325582758242,1.1311864505387275,0.429768696854541,1.0194897444441549
0.7772082074553769,0.9373211285964629,1.0849270709390941,0.32221061896030384,0.9879444414280366
0.5690602477967629,0.6741837738786717,1.0236600715523165,0.15195937019483252,0.9709392452965677
0.6228736541511966,1.2081430250113347,0.8789436473653769,0.12281498228717203,1.0376217803858143
0.6019289389695961,0.9524668409662784,1.1655287313115559,0.18341764190592677,0.9956015860835394
0.30327439680573187,1.0013939170441266,1.105116855164385,0.3121479990943079,1.0056750796415623
0.24793963236549876,1.0633903880204028,1.1288377810827435,0.43476535249643045,1.0153651756441675
0.7433141247811443,0.9550346331022952,0.8579340507006417,0.1978817602048591,0.9650902472876398
0.6912569520572556,0.8642256010437064,1.1076842995889165,0.21890707824850006,0.9757988914794827
0.44587115815136463,1.3048991608639398,1.1293276691222383,0.4872973922892312,1.1324613083402075
0.07821514366047151,0.8556729455256018,1.0345339086262721,0.3585399152098889,0.9433596180880957
0.22590096427064338,0.9217611354519855,1.0457906210840313,0.10967224897361204,0.9823506466515287
0.5924668597959426,0.8420479873624243,1.021512547648141,0.23103193454993498,0.96908830075603
0.09633874594442628,0.9927489227222221,0.7704862067517764,0.20483395876536378,0.9286205728235707
0.5080931808737176,1.1267322369424275,0.8587670698768256,0.19583230656691875,1.0027529715610577
0.3312438932683481,0.9410158008278434,0.9137586302804231,0.45914604321762625,0.9744954400898977
0.4240735650967314,0.9657077708220791,0.9239231279540528,0.42562079861439983,0.9723856485462494
0.198047670414485,0.8390362168330894,1.0202283591864105,0.3504607884033992,0.9739416718120198
0.5061309292754483,1.1011253529714293,0.8610700860035448,0.2873476511110113,0.997604149893353
0.6283541721797392,1.045149090503266,0.8626098045120407,0.21407935250531498,0.9791721719600508
0.7865688347867408,0.9147697099647039,1.0466387143428202,0.2962692344504887,0.9771113005883153
0.3328327673398136,0.7063940662659811,1.072923982713949,0.3459109763937316,0.9758881870283386
0.4013058739517338,1.0096820638185047,0.9528205577683959,0.3259136579954121,0.9830397468786838
0.7823857148923872,1.0061998010957038,0.9275122813480179,0.4655206541956637,0.9776394397447692
0.48473814954793104,1.0552234432384935,1.2291787238428702,0.3238147046847455,1.0265828659128933
0.06597316780930167,1.031418148118696,1.0452188438474566,0.4150879355910704,0.9589604688040128
0.2517616751484411,0.9505298491428769,1.0753502254580949,0.3288233217488321,0.9849196522587798
0.6674553615730251,1.1381617322593858,0.7939045823940603,0.23161322831142922,1.0033472900181197
0.16116551452744599,1.157363125291723,0.7844283025045949,0.41565779476019826,0.9665297300180449
0.5463657128761885,1.1593281575959016,1.0012208996931906,0.2380159815447582,1.0293729233631077
0.6142867141308829,1.1370799371047495,1.1246698268663045,0.21641142830260165,1.037470854634368
0.37086862037200574,0.8528041876050327,0.8892658780392073,0.2941696234014277,0.9565723165845291
0.27082058714165336,0.7911716118568047,1.2121705567187522,0.2037353748930796,0.9861223227577991
0.209583661918875,0.7783297561933169,1.0692051548987396,0.25060135916654364,0.9707089847679722
0.7485527063243766,1.2132010945145644,0.9202738592897415,0.14955550969425105,1.049794939943667
0.5186224492753762,1.0284923217909459,1.0760904686412498,0.3766008907931109,0.9997446997092172
0.6446852306127201,1.0791550882659102,0.9313016684959989,0.23406593369757892,0.9943372097660873
0.40558435040958574,0.8146387281035636,0.9926561230752698,0.17076448327256225,0.9644434568125637
0.3272843108814368,0.8970811506148422,1.1180183966230555,0.49392339997794954,0.9880054963084449
0.7521319234880813,0.8537520224671641,0.9648184111189532,0.43984725646595296,0.9659942398593788
0.7168087714478533,1.2034514364973907,1.008988956902846,0.3034342494631618,1.0490615061102762
0.5743145448532642,1.2479487615073752,0.8978737730288692,0.23869782456488023,1.0644653024428437
0.2530052909714902,0.854422922027103,0.9842830810043647,0.4172762339465943,0.9673573200623352
0.7103158299950086,1.0766989681073162,0.9176370652526495,0.21183350978089077,0.9987097700757669
0.7359559445889488,1.2641501665823471,0.8260746344729873,0.44076662900629665,1.0696509013135107
0.268709390467206,1.1059137640289651,0.9883207884541232,0.1578150429544908,1.0103667182073421
0.37549198348395607,0.8691450780841155,1.1887128201845483,0.43072192019100897,0.9811038004594446
0.5428972544374652,1.1056676970521455,0.959261359160949,0.2196591442987606,1.0125243434604103
0.3273299118778554,1.094070419960936,0.9416139441630261,0.24777760252425451,1.0050545664468111
0.20161038675878684,1.2225444784212347,1.021290255665389,0.11188046015193472,1.067836573852138
0.5844427539746158,0.6666793576902121,1.2971774455942389,0.3475907610998392,0.99425129213246
0.5835753967900161,1.133767540950085,1.0304562122509093,0.33534939234777933,1.0287290692226907
0.7761482759134318,0.8624628436390086,1.2284947497990273,0.341028699025957,0.9977439616124529
0.12038830178525993,1.193195537781912,1.0836306580739372,0.179633978558157,0.9998542217191242
0.7009886294075304,1.264843956676515,1.1281275464661358,0.44499655599035737,1.1097754685705632
0.21510097728201627,1.0254848723964034,0.845284347335458,0.17026806167591169,0.9757450204867698
0.4539070384073171,1.1689004758071042,1.1497465715851387,0.12291846483010782,1.0512246031653145
0.14458775610554858,0.9186179420558497,1.1142357146454354,0.2300549155845778,0.9520354400676835
0.3739540098689786,1.0272090771966929,0.9387675258709067,0.19283986789931534,0.9905433655804087
0.2688075558232781,1.085085480275913,0.9620056282758864,0.36950994098943,0.9975097241405333
0.7473048256871865,0.8640452113980888,1.055041628027106,0.13337831683864382,0.977707872748768
0.0817778780363942,0.9154199798701308,0.9595907682039119,0.4662993317778292,0.9367051797771774
0.6553501006399785,1.1444859081345156,1.1718693151735067,0.14433337733891283,1.044140628578753
0.21426673789191564,1.0936888563667233,0.9442212350111419,0.18902794306990478,1.000114942579898
0.7720395980737826,1.0580219733285194,1.2714583439164346,0.3418112389870687,1.0353631647657786
0.10507671345455626,1.0916537127142827,1.1369227471918297,0.10859990053077762,0.967320018285805
0.1626285768401245,0.8915265203472854,1.0629404295012161,0.4700947762828177,0.9504781072619954
0.6319751014834493,0.8363947667070782,0.8711326018910334,0.3417002268043477,0.950628153601613
0.6357261304782649,0.9837053172308851,0.9028513340143184,0.1568577292219276,0.9796371060137812
0.6591198042141309,0.8636366328192708,0.8896073746325429,0.46841321451341045,0.9618026316475989
0.1882113534831359,0.9414582001787679,1.0900628872406692,0.16743050601471623,0.9870231321012604
0.31035522868088755,1.0369849064604824,0.8462067726829728,0.42970617054713306,0.9809227886457794
0.41112202258310876,1.0133030959216085,0.9981097740335797,0.11456370930898215,0.9858097220262019
0.16557385364572602,0.8980407976478505,1.0877936147617282,0.19956006665804657,0.962267697828667
0.700883224561488,0.8517254798787235,0.7750640593082138,0.1706792433995045,0.9442755015579708
0.310247800676208,0.9385193585436107,0.8233239815204824,0.21835713477445534,0.959690431097257
0.3872587052720224,1.066841273439962,1.0310613170046248,0.3325015902733332,1.0031601650756599
0.22940050850525406,1.041087660951728,0.8941710669700723,0.4894063437203447,0.9825686735805721
0.12551015799528142,0.796446033187024,0.9562978766280226,0.26573249126198245,0.9375045238423126
0.11333294924698618,1.089106711010752,1.0052440992712508,0.10285297884530631,0.9538595267957051
0.4201132677188148,1.0388398090561115,1.1900455423546148,0.42683343442977817,1.0171792497936125
0.5995422288247468,1.163684542267908,1.1284424938085358,0.47021535334334397,1.0432128904190918
0.7024482400628279,1.1499129086056687,1.2169212380335295,0.2578663440829448,1.0481014547687617
0.061229536902151396,1.0774990031264313,1.0649834877652424,0.12840979511977646,0.9659651045041512
0.3539992797811161,1.144031752384947,1.1426523995939555,0.17744291500145848,1.0381982538321233
0.6531737593610843,1.0108276420309885,0.9348121033476144,0.102237607517488,0.9792848831130339
0.24898821289584877,0.7338895402158074,0.7808347939282473,0.11600410254715664,0.9465052868236292
0.2854573858196484,1.036805035320272,1.0889460522473986,0.4849899839782779,1.0014951510431966
0.6775483529188404,1.0536642971493935,1.0252760886774912,0.1559883249777636,0.993296271598892
0.4437408116972925,1.043070832761279,0.8678241548002334,0.42993533902706216,0.9818368655516734
0.10284820842421687,1.0033053635409388,1.1477565938175867,0.47674904346289587,0.9653224736278221
0.672963876321836,1.1081379122468253,0.8051072589287198,0.2670682482630173,0.9918630152741772
0.1755583320929669,1.0961124778941747,1.0261490225311631,0.18504897945586274,1.0127189247834978
0.6380214399110937,0.9858571400266826,1.0108363908207285,0.177135630508808,0.979607147071796
0.09059370878655117,0.8790322671081773,0.9949157075529566,0.17218660017420048,0.9367097321738405
0.551293325279841,1.003489127221967,1.1315126346182074,0.49268073840684345,0.9998352595513073
0.11428723304648546,1.0362239485825977,1.0738276693369035,0.4228095222152788,0.9607672702900001
0.6948352174825098,0.9834883452137377,0.9349934775672412,0.40687826309964675,0.9762333439800642
0.28642130281643496,0.974064075930528,0.879366160607715,0.33657159446690027,0.9694647532846823
0.4901782704699228,0.8128192270423474,0.7306426811088107,0.3857520789640333,0.950503309311063
0.33265250790533457,1.173502226687855,0.961174590686052,0.2998903294597017,1.0319110276655792
0.3377747263623514,0.8089874315912532,0.8971099664510128,0.1613258830666526,0.9602772812407991
0.3416376109977614,1.0579808647346591,0.969858473419722,0.45935728649960855,0.9960647127849069
0.21475207421787723,0.6735572295124328,1.0221844966525546,0.10143601599805714,0.9677130365595253
0.11601505279496598,1.0278781825394727,1.1135237268758842,0.21484775783065083,0.9643969774787815
0.3594248256651023,0.9037217219958817,0.890441279508252,0.3449388379658001,0.9653187298951764
0.7457189817688848,0.9598823124142578,1.0561997079496361,0.3366008199678726,0.9900401426011832
0.7210907042278796,0.9742126419676076,0.9202244796558775,0.1483602070955092,0.9652519707859559
0.3416549159269012,0.8520742507157237,0.9653665025485457,0.47795007478755674,0.9601763511278929
0.6112862927558554,1.1899492912866554,1.0936352062437418,0.36514838142365447,1.0519015298326617
0.5597565046121171,0.9179677490634712,1.1275948267978395,0.16524770211970768,0.9920120569076107
0.18443400421420858,0.9958858975051345,0.9386079059741858,0.37711359924675847,0.9797448039280612
0.12134765477236888,1.0469776370600004,0.9590744044755185,0.271861694070505,0.9485060034836275
0.5542742007500882,1.1576779052372566,0.9092312855795441,0.1336045165720084,1.0213030885020102
0.31633662283071884,1.1268548791635227,1.0548656725070094,0.1380284717877215,1.022646561060277
0.08569829005170944,1.3291110330188363,0.998599635036987,0.1532829002241384,1.002919833837597
0.6962280354619262,1.0787655562062946,1.1001886505587675,0.4610131717700857,1.0176433544126242
0.4136542061500138,1.154190862066456,1.0537002990755457,0.41001249911384763,1.0314296141178552
0.32322329963297214,0.9736504478885029,1.0382228201160566,0.4808634404656927,0.978414676192141
0.5972114768165044,1.1630500474178704,0.8108788403275534,0.45305347053532846,1.007981008799233
0.29274089384139856,1.0323743929125662,1.104566387537786,0.1966412772591849,1.0026211648667789
0.34261361927696155,0.9279546180751846,1.1343185472234678,0.3362583402763877,0.9870770928506236
0.20192583229133743,1.0257213743012423,0.8323519846858534,0.4043408160595591,0.9814195105758401
0.690617248142939,0.9433437461364076,1.0522422897127026,0.16318078031242958,0.987598662491574
0.28201010143783906,0.937722191220524,1.1055352683100224,0.385068144743791,0.9857833042946401
0.7783626956018843,0.9653923406013029,0.8440871855298169,0.17269638583664237,0.9614253900560545
0.34845529774209694,0.9659956159118583,0.886864861825241,0.4989941432707742,0.9751434913417834
0.43271529344287,0.6628661973842664,1.061421136085598,0.43279875687468683,0.9705678995806789
0.7684153068101519,0.8503260312617386,1.029675025894979,0.413016689821484,0.9714587057013624
0.21314283873126966,0.9172810304747837,1.006372633638302,0.3359279437484761,0.9696065735772399
0.7903640115547198,1.0815824285626154,1.1152790615962551,0.37533597823720954,1.0209113552598705
0.6819720219162672,0.8388685862577882,0.8726319722642129,0.26753551350291066,0.9506039481491149
0.45254335023810216,0.9802009961269676,1.0051422026791572,0.23887256976208604,0.9780006750715922
0.13657852006466054,1.1905713217287401,1.0019048670812405,0.4010716137311909,1.001921679371666
0.608121238000517,1.2857731571806186,0.989595526380136,0.45633666714160814,1.102139442271641
0.09026405030603536,0.8701569137371958,1.0751058694488684,0.13539242279203206,0.9509032803135111
0.1611381803964615,0.8077633871320588,0.869134722997168,0.30830418183271474,0.9294034175524061
0.6409047918992675,1.0768906362996002,1.184413755860583,0.4181208507423617,1.024278952699778
0.34230627581290624,0.8876118037630306,0.9466112911796615,0.4838569579307907,0.9605834918775796
0.7931418712943102,1.0314578715916856,0.9946734060713227,0.16184295877496468,0.9949440459857328
0.30218776694712735,1.139489048422831,0.7383540552576762,0.10028825503253347,1.0001878191990676
0.5036185057195067,0.8757869491304074,0.9677346791750903,0.48585712415731763,0.9655263674291833
0.5533610654913065,0.7261496190908159,1.2946117846354446,0.1825275417416591,1.0004863739226835
0.4570878999978022,1.0519317575830522,0.9202450566138408,0.3376314950546487,0.989961275597589
0.47400408619732587,0.8761092149284211,0.9485906833037329,0.30955009311106885,0.967076080285324
0.4344735670288592,1.0074592462233984,1.1765189128250202,0.4655188605781215,1.010825206666725
0.5001397139088298,1.2009727152725074,0.894151166706208,0.4631805440727341,1.0393449890241455
0.5017703372511381,1.0348149781598626,0.9844047586249413,0.2261315648983361,0.9940025812094829
0.6281883256410775,1.2351859073303986,0.9397091363742792,0.420481442893162,1.063960992078718
0.7828185889868222,1.134415706113454,0.904586344528123,0.1578442657942865,1.0127038987936254
0.13029410845767914,0.8329686286462133,0.9715123939204438,0.442305078042164,0.9362140930146208
0.14635023348641918,0.9338666088439854,0.913856641456697,0.28340438880778174,0.9350520543102816
0.6855898984945299,1.0078866511964437,1.0167529839982152,0.18757304860486124,0.988935427153149
0.29068018129442813,0.9038507530424462,1.2181079077897135,0.22921052253568053,0.9977142330547197
0.3300337438316243,0.7890673412397656,1.0661024532918137,0.33835169814419,0.9803699369445124
0.5789943467039922,1.0259577829918058,0.8378810658716994,0.27883624852922073,0.973621200762947
0.7853089637744078,1.118408418700535,0.9412178392804782,0.46997538783038445,1.007585248480515
0.694608944836744,1.0621932006165913,0.9085880477751985,0.34825117826114615,0.9917560877351077
0.26142583986230283,1.290507344146796,0.8219713196628718,0.4942481907764601,1.0895115990953266
0.5734983407127845,1.2041339095116044,1.0370770121432953,0.43456028806303154,1.0602605623561787
0.26008343286067237,1.1626078289653503,1.0399474652769463,0.15512837109478306,1.0316616168127475
0.5231700448646321,0.9580135918266396,0.8865425805603913,0.4257500606796493,0.9641250519597501
0.7895421972228418,0.7710405212670646,1.014716738833948,0.1634033275417367,0.965812202280994
0.3421269363540742,0.9993986383214933,1.1068020995725305,0.40152647777787603,0.9927862294365093
0.41334627083230224,0.9031267152687656,1.0735968682977954,0.46100228103031493,0.9743569261368975
0.6480015715463869,0.8764846703736692,0.9815917151221502,0.44892129201318615,0.9659833307924368
0.4588202311619028,0.8590334910535034,1.0511788385117198,0.37258152840729597,0.9765794441488987
0.3055830971430602,1.0273822458757258,1.004203767008861,0.18198518207608447,0.9956730778381779
0.7832707920374823,0.9992584410868686,0.776158140962887,0.10753417896285829,0.9627208908668523
0.28090675456450426,1.0978430192273536,0.9059451922776804,0.3809266001243421,1.00214384638832
0.5279179396655165,1.270619311112162,0.9936475827527183,0.4267045136574593,1.0875209667889023
0.722501715002863,1.1720395446027674,1.0498545012987008,0.36260184472812745,1.0388929037688248
0.4991027934114151,1.0524047423350134,1.0098278540800354,0.4335601250766379,0.9936360734967773
0.4300462833312986,0.875494101053008,1.0430720669563263,0.32227921588511166,0.9746775591268351
0.10227160992132929,0.9460262315192062,0.8365782602772758,0.33395897493304344,0.9281966717809131
0.2683221176648926,1.1104296030298026,0.9744609172844148,0.34807397178827987,1.0157175239325542
0.7734539714327171,0.8863971380662448,0.9624740738598941,0.15246963065123237,0.9654398523865545
0.4408817311597211,0.99666644273502,0.8493766571479958,0.1515488209639834,0.9657186483560803
0.17117927094079066,0.7601607111953842,0.6996131616326348,0.416802617751263,0.9304909875468994
0.7979867311333421,0.9294507085047157,1.037434354475326,0.3381340690367136,0.9782528480802635
0.5893260602246122,0.9796390085208594,0.9561672045787967,0.18455085527479909,0.9741756496309616
0.7106277097228941,1.1586049828952778,1.0847997911262908,0.24443516408678168,1.0344690806522256
0.32757795177574855,0.8764399547460002,0.9008702611613857,0.490389359812762,0.9595336613744243
0.46189795367381237,1.0060835840980014,0.7885382720971844,0.1076607270096822,0.9649133111189364
0.171976024539008,0.9212604153633004,1.1114607824687597,0.25247979601850457,0.9847153159546356
0.23236192694446994,0.7840344165892126,0.9284660918001774,0.25567067703450025,0.9580883797018849
0.31689121588618385,0.78742389643529,1.1425433085905745,0.22131459112565582,0.9844502081651869
0.2700767987902191,0.900603702235996,0.9953161700467902,0.2639723065167154,0.977575506827128
0.7790840287350949,0.9819697490105204,0.8537441310017685,0.4834037212176804,0.965592455704401
0.3862433038724012,1.1208389434739596,0.8100596919707712,0.17950805245781712,0.999675588135981
0.34551926567905084,1.0724032124405936,0.9674010009389646,0.4093152488014138,1.0019162532033516
0.4880482900616005,0.992820512742415,1.099738653480322,0.39264260064847245,0.9868972720627793
0.11614376206399256,1.2023135810673655,0.8801997298606917,0.23926463570191256,0.9777404605533249
0.6344690810298044,0.808145348926,1.1083436101127926,0.24201518077769008,0.9806254192762823
0.3966372920444192,1.2328210116135423,1.10430274158312,0.143003664981423,1.0813403535863513
0.6328623151418156,0.9889488803139144,0.9591270274348485,0.1344518539813933,0.9771461124139023
0.5705877577696258,1.0219922261070495,1.0154935617887966,0.3350038874942298,0.9943703688841863
0.5208254067296019,0.7818657654423364,0.6,0.4119560009806444,0.9448640738019414
0.3832075592644415,1.2660290651034074,1.1517106285889813,0.38115001049884295,1.1146421104207294
0.47636176614123243,1.0304535505298864,1.0265513173420726,0.30146897711281173,0.9945172667089253
0.6231074131516595,0.9577941011322406,0.992546854761664,0.2008924611465607,0.9745596277999024
0.6316095045080119,0.8774109989395311,0.9559946850069687,0.34615483388522617,0.9625836025206123
0.37833697258873406,1.0300154836172617,1.0184808065255464,0.4431573517476477,0.9949337934934903
0.6947384213595328,1.0027356380156323,0.9558975941319183,0.2399716786020536,0.9804797671248506
0.6545153429579745,1.101253725835591,0.947491571738045,0.30766594381303014,1.0045223435851232
0.3579569347793888,0.6826752698814714,0.9969015340033353,0.4767549726008684,0.9676306136076885
0.2892661350794641,0.8782566764879678,1.206129567351791,0.23832415739548793,0.9925555076073177
0.34409573587202313,1.082883858334006,0.8491948754212987,0.4950888077256471,0.9883626250558111
0.27977467244097304,0.8279585866177614,0.8901149863427108,0.3237838449558625,0.9591354523788727
0.7418284840422366,0.8410447668882585,1.115409073567861,0.38830211391951536,0.9819642919406248
0.5534744480683058,1.112764005575943,1.1376857310732247,0.43915311513003435,1.0238652292827657
0.39069329963196747,0.8964960719112695,1.0654531905889992,0.20417132301930707,0.9833483774921978
0.09206080640415314,1.1600766329687455,0.7455965816429975,0.29799642853797365,0.9492139209287211
0.16753925584913187,1.089548560658798,1.0391809435828672,0.42594771781596275,0.9912346286671191
0.4716613877741968,1.1513424801890806,1.2336499464006614,0.44601164761924916,1.0504128612093437
0.08876384624769189,1.0072796468169225,0.8932286854601728,0.42418878052214404,0.9381481874438157
0.7348079478113072,1.0383126901700694,1.1034936114415648,0.14743261160708349,0.9995895707789367
0.1753243028632328,0.9900106026325439,1.0644335351963976,0.2245480335581363,0.9909841606981808
0.20898892765206328,0.6908956345040228,1.1268664741402719,0.31127301653391104,0.9797416338802589
0.5072054591689448,0.8512628698716058,0.7440914642374056,0.34105685380891615,0.9470673905236364
0.6196598718401285,0.9775408940453764,0.9332812033866071,0.3368332849583029,0.9776310076119881
0.18260972429823952,0.7887484331851885,0.9908574678441066,0.2575037079691975,0.9705484484599047
0.18821688929296237,0.9079559026910495,1.2241082942352013,0.2300800788677779,0.9981093369980678
0.06631544166081764,1.217831668914383,0.8390774324027892,0.2956567098989546,0.9619914263399588
0.4135733491114918,0.854715616834707,1.2975772430972465,0.2351656166093204,1.002814500651321
0.44215869970745963,0.9937870471410039,0.9970448503088813,0.4514321225974607,0.9826244416685462
0.7245542949689997,1.2167353878441016,1.0416509915073904,0.37135922541845456,1.0644242655539395
0.2104815438001632,0.6969495366794002,1.0380908570590361,0.24727435687676358,0.9639452542568371
0.29932949921141044,1.0505136991385535,1.1244563249029302,0.43181949488832394,1.0119368071989814
0.2857760851350133,0.7670537826598792,0.8590884345769862,0.3658196436027284,0.9532392651336037
0.7012670384614217,1.0055726915031746,1.0167662401163435,0.10416444123832967,0.995306525377465
0.4670469258937829,0.953802624817465,1.2214135945979867,0.1881140132227162,0.997233741021698
0.3085235421345196,0.8664580009328267,1.0469618461852737,0.20795584272640918,0.9703133354258517
