cost_shifting_intensity,pressure,efficiency_gap,row_strategy,col_strategy,effective_strategy,effective_int
0.0,0.8,0.2,I,I,I,0
0.0,0.8350000000000001,0.2,I,I,I,0
0.0,0.87,0.2,I,I,I,0
0.0,0.905,0.2,I,I,I,0
0.0,0.9400000000000001,0.2,I,I,I,0
0.0,0.9750000000000001,0.2,I,I,I,0
0.0,1.01,0.2,I,I,I,0
0.0,1.045,0.2,I,I,I,0
0.0,1.08,0.2,I,I,I,0
0.0,1.115,0.2,I,I,I,0
0.0,1.15,0.2,I,I,I,0
0.0,1.185,0.2,I,I,I,0
0.0,1.22,0.2,I,I,I,0
0.0,1.255,0.2,I,I,I,0
0.0,1.29,0.2,I,I,I,0
0.0,1.325,0.2,I,I,I,0
0.0,1.3599999999999999,0.2,I,I,I,0
0.0,1.395,0.2,I,S,S,1
0.0,1.43,0.2,I,S,S,1
0.0,1.4649999999999999,0.2,I,S,S,1
0.0,1.5,0.2,I,S,S,1
0.05,0.8,0.2,I,I,I,0
0.05,0.8350000000000001,0.2,I,I,I,0
0.05,0.87,0.2,I,I,I,0
0.05,0.905,0.2,I,I,I,0
0.05,0.9400000000000001,0.2,I,I,I,0
0.05,0.9750000000000001,0.2,I,I,I,0
0.05,1.01,0.2,I,I,I,0
0.05,1.045,0.2,I,I,I,0
0.05,1.08,0.2,I,I,I,0
0.05,1.115,0.2,I,I,I,0
0.05,1.15,0.2,I,I,I,0
0.05,1.185,0.2,I,I,I,0
0.05,1.22,0.2,I,S,S,1
0.05,1.255,0.2,I,S,S,1
0.05,1.29,0.2,I,S,S,1
0.05,1.325,0.2,I,S,S,1
0.05,1.3599999999999999,0.2,I,S,S,1
0.05,1.395,0.2,I,S,S,1
0.05,1.43,0.2,I,S,S,1
0.05,1.4649999999999999,0.2,I,S,S,1
0.05,1.5,0.2,I,S,S,1
0.1,0.8,0.2,I,I,I,0
0.1,0.8350000000000001,0.2,I,I,I,0
0.1,0.87,0.2,I,I,I,0
0.1,0.905,0.2,I,I,I,0
0.1,0.9400000000000001,0.2,I,I,I,0
0.1,0.9750000000000001,0.2,I,I,I,0
0.1,1.01,0.2,I,I,I,0
0.1,1.045,0.2,I,S,S,1
0.1,1.08,0.2,I,S,S,1
0.1,1.115,0.2,I,S,S,1
0.1,1.15,0.2,I,S,S,1
0.1,1.185,0.2,I,S,S,1
0.1,1.22,0.2,I,S,S,1
0.1,1.255,0.2,I,S,S,1
0.1,1.29,0.2,I,S,S,1
0.1,1.325,0.2,I,S,S,1
0.1,1.3599999999999999,0.2,I,S,S,1
0.1,1.395,0.2,I,S,S,1
0.1,1.43,0.2,I,S,S,1
0.1,1.4649999999999999,0.2,I,S,S,1
0.1,1.5,0.2,I,S,S,1
0.15000000000000002,0.8,0.2,I,I,I,0
0.15000000000000002,0.8350000000000001,0.2,I,I,I,0
0.15000000000000002,0.87,0.2,I,S,S,1
0.15000000000000002,0.905,0.2,I,S,S,1
0.15000000000000002,0.9400000000000001,0.2,I,S,S,1
0.15000000000000002,0.9750000000000001,0.2,I,S,S,1
0.15000000000000002,1.01,0.2,I,S,S,1
0.15000000000000002,1.045,0.2,I,S,S,1
0.15000000000000002,1.08,0.2,I,S,S,1
0.15000000000000002,1.115,0.2,I,S,S,1
0.15000000000000002,1.15,0.2,I,S,S,1
0.15000000000000002,1.185,0.2,I,S,S,1
0.15000000000000002,1.22,0.2,I,S,S,1
0.15000000000000002,1.255,0.2,I,S,S,1
0.15000000000000002,1.29,0.2,I,S,S,1
0.15000000000000002,1.325,0.2,I,S,S,1
0.15000000000000002,1.3599999999999999,0.2,I,S,S,1
0.15000000000000002,1.395,0.2,I,S,S,1
0.15000000000000002,1.43,0.2,I,S,S,1
0.15000000000000002,1.4649999999999999,0.2,I,S,S,1
0.15000000000000002,1.5,0.2,I,S,S,1
0.2,0.8,0.2,I,S,S,1
0.2,0.8350000000000001,0.2,I,S,S,1
0.2,0.87,0.2,I,S,S,1
0.2,0.905,0.2,I,S,S,1
0.2,0.9400000000000001,0.2,I,S,S,1
0.2,0.9750000000000001,0.2,I,S,S,1
0.2,1.01,0.2,I,S,S,1
0.2,1.045,0.2,I,S,S,1
0.2,1.08,0.2,I,S,S,1
0.2,1.115,0.2,I,S,S,1
0.2,1.15,0.2,I,S,S,1
0.2,1.185,0.2,I,S,S,1
0.2,1.22,0.2,I,S,S,1
0.2,1.255,0.2,I,S,S,1
0.2,1.29,0.2,I,S,S,1
0.2,1.325,0.2,I,S,S,1
0.2,1.3599999999999999,0.2,I,S,S,1
0.2,1.395,0.2,I,S,S,1
0.2,1.43,0.2,I,S,S,1
0.2,1.4649999999999999,0.2,I,S,S,1
0.2,1.5,0.2,I,S,S,1
0.25,0.8,0.2,I,S,S,1
0.25,0.8350000000000001,0.2,I,S,S,1
0.25,0.87,0.2,I,S,S,1
0.25,0.905,0.2,I,S,S,1
0.25,0.9400000000000001,0.2,I,S,S,1
0.25,0.9750000000000001,0.2,I,S,S,1
0.25,1.01,0.2,I,S,S,1
0.25,1.045,0.2,I,S,S,1
0.25,1.08,0.2,I,S,S,1
0.25,1.115,0.2,I,S,S,1
0.25,1.15,0.2,I,S,S,1
0.25,1.185,0.2,I,S,S,1
0.25,1.22,0.2,I,S,S,1
0.25,1.255,0.2,I,S,S,1
0.25,1.29,0.2,I,S,S,1
0.25,1.325,0.2,I,S,S,1
0.25,1.3599999999999999,0.2,I,S,S,1
0.25,1.395,0.2,I,S,S,1
0.25,1.43,0.2,I,S,S,1
0.25,1.4649999999999999,0.2,I,S,S,1
0.25,1.5,0.2,I,S,S,1
0.30000000000000004,0.8,0.2,I,S,S,1
0.30000000000000004,0.8350000000000001,0.2,I,S,S,1
0.30000000000000004,0.87,0.2,I,S,S,1
0.30000000000000004,0.905,0.2,I,S,S,1
0.30000000000000004,0.9400000000000001,0.2,I,S,S,1
0.30000000000000004,0.9750000000000001,0.2,I,S,S,1
0.30000000000000004,1.01,0.2,I,S,S,1
0.30000000000000004,1.045,0.2,I,S,S,1
0.30000000000000004,1.08,0.2,I,S,S,1
0.30000000000000004,1.115,0.2,I,S,S,1
0.30000000000000004,1.15,0.2,I,S,S,1
0.30000000000000004,1.185,0.2,I,S,S,1
0.30000000000000004,1.22,0.2,I,S,S,1
0.30000000000000004,1.255,0.2,I,S,S,1
0.30000000000000004,1.29,0.2,I,S,S,1
0.30000000000000004,1.325,0.2,I,S,S,1
0.30000000000000004,1.3599999999999999,0.2,I,S,S,1
0.30000000000000004,1.395,0.2,I,S,S,1
0.30000000000000004,1.43,0.2,I,S,S,1
0.30000000000000004,1.4649999999999999,0.2,I,S,S,1
0.30000000000000004,1.5,0.2,I,S,S,1
0.35000000000000003,0.8,0.2,I,S,S,1
0.35000000000000003,0.8350000000000001,0.2,I,S,S,1
0.35000000000000003,0.87,0.2,I,S,S,1
0.35000000000000003,0.905,0.2,I,S,S,1
0.35000000000000003,0.9400000000000001,0.2,I,S,S,1
0.35000000000000003,0.9750000000000001,0.2,I,S,S,1
0.35000000000000003,1.01,0.2,I,S,S,1
0.35000000000000003,1.045,0.2,I,S,S,1
0.35000000000000003,1.08,0.2,I,S,S,1
0.35000000000000003,1.115,0.2,I,S,S,1
0.35000000000000003,1.15,0.2,I,S,S,1
0.35000000000000003,1.185,0.2,I,S,S,1
0.35000000000000003,1.22,0.2,I,S,S,1
0.35000000000000003,1.255,0.2,I,S,S,1
0.35000000000000003,1.29,0.2,I,S,S,1
0.35000000000000003,1.325,0.2,I,S,S,1
0.35000000000000003,1.3599999999999999,0.2,I,S,S,1
0.35000000000000003,1.395,0.2,I,S,S,1
0.35000000000000003,1.43,0.2,I,S,S,1
0.35000000000000003,1.4649999999999999,0.2,I,S,S,1
0.35000000000000003,1.5,0.2,I,S,S,1
0.4,0.8,0.2,I,S,S,1
0.4,0.8350000000000001,0.2,I,S,S,1
0.4,0.87,0.2,I,S,S,1
0.4,0.905,0.2,I,S,S,1
0.4,0.9400000000000001,0.2,I,S,S,1
0.4,0.9750000000000001,0.2,I,S,S,1
0.4,1.01,0.2,I,S,S,1
0.4,1.045,0.2,I,S,S,1
0.4,1.08,0.2,I,S,S,1
0.4,1.115,0.2,I,S,S,1
0.4,1.15,0.2,I,S,S,1
0.4,1.185,0.2,I,S,S,1
0.4,1.22,0.2,I,S,S,1
0.4,1.255,0.2,I,S,S,1
0.4,1.29,0.2,I,S,S,1
0.4,1.325,0.2,I,S,S,1
0.4,1.3599999999999999,0.2,I,S,S,1
0.4,1.395,0.2,I,S,S,1
0.4,1.43,0.2,I,S,S,1
0.4,1.4649999999999999,0.2,I,S,S,1
0.4,1.5,0.2,I,S,S,1
0.45,0.8,0.2,I,S,S,1
0.45,0.8350000000000001,0.2,I,S,S,1
0.45,0.87,0.2,I,S,S,1
0.45,0.905,0.2,I,S,S,1
0.45,0.9400000000000001,0.2,I,S,S,1
0.45,0.9750000000000001,0.2,I,S,S,1
0.45,1.01,0.2,I,S,S,1
0.45,1.045,0.2,I,S,S,1
0.45,1.08,0.2,I,S,S,1
0.45,1.115,0.2,I,S,S,1
0.45,1.15,0.2,I,S,S,1
0.45,1.185,0.2,I,S,S,1
0.45,1.22,0.2,I,S,S,1
0.45,1.255,0.2,I,S,S,1
0.45,1.29,0.2,I,S,S,1
0.45,1.325,0.2,I,S,S,1
0.45,1.3599999999999999,0.2,I,S,S,1
0.45,1.395,0.2,I,S,S,1
0.45,1.43,0.2,I,S,S,1
0.45,1.4649999999999999,0.2,I,S,S,1
0.45,1.5,0.2,I,S,S,1
0.5,0.8,0.2,I,S,S,1
0.5,0.8350000000000001,0.2,I,S,S,1
0.5,0.87,0.2,I,S,S,1
0.5,0.905,0.2,I,S,S,1
0.5,0.9400000000000001,0.2,I,S,S,1
0.5,0.9750000000000001,0.2,I,S,S,1
0.5,1.01,0.2,I,S,S,1
0.5,1.045,0.2,I,S,S,1
0.5,1.08,0.2,I,S,S,1
0.5,1.115,0.2,I,S,S,1
0.5,1.15,0.2,I,S,S,1
0.5,1.185,0.2,I,S,S,1
0.5,1.22,0.2,I,S,S,1
0.5,1.255,0.2,I,S,S,1
0.5,1.29,0.2,I,S,S,1
0.5,1.325,0.2,I,S,S,1
0.5,1.3599999999999999,0.2,I,S,S,1
0.5,1.395,0.2,I,S,S,1
0.5,1.43,0.2,I,S,S,1
0.5,1.4649999999999999,0.2,I,S,S,1
0.5,1.5,0.2,I,S,S,1
0.55,0.8,0.2,I,S,S,1
0.55,0.8350000000000001,0.2,I,S,S,1
0.55,0.87,0.2,I,S,S,1
0.55,0.905,0.2,I,S,S,1
0.55,0.9400000000000001,0.2,I,S,S,1
0.55,0.9750000000000001,0.2,I,S,S,1
0.55,1.01,0.2,I,S,S,1
0.55,1.045,0.2,I,S,S,1
0.55,1.08,0.2,I,S,S,1
0.55,1.115,0.2,I,S,S,1
0.55,1.15,0.2,I,S,S,1
0.55,1.185,0.2,I,S,S,1
0.55,1.22,0.2,I,S,S,1
0.55,1.255,0.2,I,S,S,1
0.55,1.29,0.2,I,S,S,1
0.55,1.325,0.2,I,S,S,1
0.55,1.3599999999999999,0.2,I,S,S,1
0.55,1.395,0.2,I,S,S,1
0.55,1.43,0.2,I,S,S,1
0.55,1.4649999999999999,0.2,I,S,S,1
0.55,1.5,0.2,I,S,S,1
0.6000000000000001,0.8,0.2,I,S,S,1
0.6000000000000001,0.8350000000000001,0.2,I,S,S,1
0.6000000000000001,0.87,0.2,I,S,S,1
0.6000000000000001,0.905,0.2,I,S,S,1
0.6000000000000001,0.9400000000000001,0.2,I,S,S,1
0.6000000000000001,0.9750000000000001,0.2,I,S,S,1
0.6000000000000001,1.01,0.2,I,S,S,1
0.6000000000000001,1.045,0.2,I,S,S,1
0.6000000000000001,1.08,0.2,I,S,S,1
0.6000000000000001,1.115,0.2,I,S,S,1
0.6000000000000001,1.15,0.2,I,S,S,1
0.6000000000000001,1.185,0.2,I,S,S,1
0.6000000000000001,1.22,0.2,I,S,S,1
0.6000000000000001,1.255,0.2,I,S,S,1
0.6000000000000001,1.29,0.2,I,S,S,1
0.6000000000000001,1.325,0.2,I,S,S,1
0.6000000000000001,1.3599999999999999,0.2,I,S,S,1
0.6000000000000001,1.395,0.2,I,S,S,1
0.6000000000000001,1.43,0.2,I,S,S,1
0.6000000000000001,1.4649999999999999,0.2,I,S,S,1
0.6000000000000001,1.5,0.2,I,S,S,1
0.65,0.8,0.2,I,S,S,1
0.65,0.8350000000000001,0.2,I,S,S,1
0.65,0.87,0.2,I,S,S,1
0.65,0.905,0.2,I,S,S,1
0.65,0.9400000000000001,0.2,I,S,S,1
0.65,0.9750000000000001,0.2,I,S,S,1
0.65,1.01,0.2,I,S,S,1
0.65,1.045,0.2,I,S,S,1
0.65,1.08,0.2,I,S,S,1
0.65,1.115,0.2,I,S,S,1
0.65,1.15,0.2,I,S,S,1
0.65,1.185,0.2,I,S,S,1
0.65,1.22,0.2,I,S,S,1
0.65,1.255,0.2,I,S,S,1
0.65,1.29,0.2,I,S,S,1
0.65,1.325,0.2,I,S,S,1
0.65,1.3599999999999999,0.2,I,S,S,1
0.65,1.395,0.2,I,S,S,1
0.65,1.43,0.2,I,S,S,1
0.65,1.4649999999999999,0.2,I,S,S,1
0.65,1.5,0.2,I,S,S,1
0.7000000000000001,0.8,0.2,I,S,S,1
0.7000000000000001,0.8350000000000001,0.2,I,S,S,1
0.7000000000000001,0.87,0.2,I,S,S,1
0.7000000000000001,0.905,0.2,I,S,S,1
0.7000000000000001,0.9400000000000001,0.2,I,S,S,1
0.7000000000000001,0.9750000000000001,0.2,I,S,S,1
0.7000000000000001,1.01,0.2,I,S,S,1
0.7000000000000001,1.045,0.2,I,S,S,1
0.7000000000000001,1.08,0.2,I,S,S,1
0.7000000000000001,1.115,0.2,I,S,S,1
0.7000000000000001,1.15,0.2,I,S,S,1
0.7000000000000001,1.185,0.2,I,S,S,1
0.7000000000000001,1.22,0.2,I,S,S,1
0.7000000000000001,1.255,0.2,I,S,S,1
0.7000000000000001,1.29,0.2,I,S,S,1
0.7000000000000001,1.325,0.2,I,S,S,1
0.7000000000000001,1.3599999999999999,0.2,I,S,S,1
0.7000000000000001,1.395,0.2,I,S,S,1
0.7000000000000001,1.43,0.2,I,S,S,1
0.7000000000000001,1.4649999999999999,0.2,I,S,S,1
0.7000000000000001,1.5,0.2,I,S,S,1
0.75,0.8,0.2,I,S,S,1
0.75,0.8350000000000001,0.2,I,S,S,1
0.75,0.87,0.2,I,S,S,1
0.75,0.905,0.2,I,S,S,1
0.75,0.9400000000000001,0.2,I,S,S,1
0.75,0.9750000000000001,0.2,I,S,S,1
0.75,1.01,0.2,I,S,S,1
0.75,1.045,0.2,I,S,S,1
0.75,1.08,0.2,I,S,S,1
0.75,1.115,0.2,I,S,S,1
0.75,1.15,0.2,I,S,S,1
0.75,1.185,0.2,I,S,S,1
0.75,1.22,0.2,I,S,S,1
0.75,1.255,0.2,I,S,S,1
0.75,1.29,0.2,I,S,S,1
0.75,1.325,0.2,I,S,S,1
0.75,1.3599999999999999,0.2,I,S,S,1
0.75,1.395,0.2,I,S,S,1
0.75,1.43,0.2,I,S,S,1
0.75,1.4649999999999999,0.2,I,S,S,1
0.75,1.5,0.2,I,S,S,1
0.8,0.8,0.2,I,S,S,1
0.8,0.8350000000000001,0.2,I,S,S,1
0.8,0.87,0.2,I,S,S,1
0.8,0.905,0.2,I,S,S,1
0.8,0.9400000000000001,0.2,I,S,S,1
0.8,0.9750000000000001,0.2,I,S,S,1
0.8,1.01,0.2,I,S,S,1
0.8,1.045,0.2,I,S,S,1
0.8,1.08,0.2,I,S,S,1
0.8,1.115,0.2,I,S,S,1
0.8,1.15,0.2,I,S,S,1
0.8,1.185,0.2,I,S,S,1
0.8,1.22,0.2,I,S,S,1
0.8,1.255,0.2,I,S,S,1
0.8,1.29,0.2,I,S,S,1
0.8,1.325,0.2,I,S,S,1
0.8,1.3599999999999999,0.2,I,S,S,1
0.8,1.395,0.2,I,S,S,1
0.8,1.43,0.2,I,S,S,1
0.8,1.4649999999999999,0.2,I,S,S,1
0.8,1.5,0.2,I,S,S,1
0.8500000000000001,0.8,0.2,I,S,S,1
0.8500000000000001,0.8350000000000001,0.2,I,S,S,1
0.8500000000000001,0.87,0.2,I,S,S,1
0.8500000000000001,0.905,0.2,I,S,S,1
0.8500000000000001,0.9400000000000001,0.2,I,S,S,1
0.8500000000000001,0.9750000000000001,0.2,I,S,S,1
0.8500000000000001,1.01,0.2,I,S,S,1
0.8500000000000001,1.045,0.2,I,S,S,1
0.8500000000000001,1.08,0.2,I,S,S,1
0.8500000000000001,1.115,0.2,I,S,S,1
0.8500000000000001,1.15,0.2,I,S,S,1
0.8500000000000001,1.185,0.2,I,S,S,1
0.8500000000000001,1.22,0.2,I,S,S,1
0.8500000000000001,1.255,0.2,I,S,S,1
0.8500000000000001,1.29,0.2,I,S,S,1
0.8500000000000001,1.325,0.2,I,S,S,1
0.8500000000000001,1.3599999999999999,0.2,I,S,S,1
0.8500000000000001,1.395,0.2,I,S,S,1
0.8500000000000001,1.43,0.2,I,S,S,1
0.8500000000000001,1.4649999999999999,0.2,I,S,S,1
0.8500000000000001,1.5,0.2,I,S,S,1
0.9,0.8,0.2,I,S,S,1
0.9,0.8350000000000001,0.2,I,S,S,1
0.9,0.87,0.2,I,S,S,1
0.9,0.905,0.2,I,S,S,1
0.9,0.9400000000000001,0.2,I,S,S,1
0.9,0.9750000000000001,0.2,I,S,S,1
0.9,1.01,0.2,I,S,S,1
0.9,1.045,0.2,I,S,S,1
0.9,1.08,0.2,I,S,S,1
0.9,1.115,0.2,I,S,S,1
0.9,1.15,0.2,I,S,S,1
0.9,1.185,0.2,I,S,S,1
0.9,1.22,0.2,I,S,S,1
0.9,1.255,0.2,I,S,S,1
0.9,1.29,0.2,I,S,S,1
0.9,1.325,0.2,I,S,S,1
0.9,1.3599999999999999,0.2,I,S,S,1
0.9,1.395,0.2,I,S,S,1
0.9,1.43,0.2,I,S,S,1
0.9,1.4649999999999999,0.2,I,S,S,1
0.9,1.5,0.2,I,S,S,1
0.9500000000000001,0.8,0.2,I,S,S,1
0.9500000000000001,0.8350000000000001,0.2,I,S,S,1
0.9500000000000001,0.87,0.2,I,S,S,1
0.9500000000000001,0.905,0.2,I,S,S,1
0.9500000000000001,0.9400000000000001,0.2,I,S,S,1
0.9500000000000001,0.9750000000000001,0.2,I,S,S,1
0.9500000000000001,1.01,0.2,I,S,S,1
0.9500000000000001,1.045,0.2,I,S,S,1
0.9500000000000001,1.08,0.2,I,S,S,1
0.9500000000000001,1.115,0.2,I,S,S,1
0.9500000000000001,1.15,0.2,I,S,S,1
0.9500000000000001,1.185,0.2,I,S,S,1
0.9500000000000001,1.22,0.2,I,S,S,1
0.9500000000000001,1.255,0.2,I,S,S,1
0.9500000000000001,1.29,0.2,I,S,S,1
0.9500000000000001,1.325,0.2,I,S,S,1
0.9500000000000001,1.3599999999999999,0.2,I,S,S,1
0.9500000000000001,1.395,0.2,I,S,S,1
0.9500000000000001,1.43,0.2,I,S,S,1
0.9500000000000001,1.4649999999999999,0.2,I,S,S,1
0.9500000000000001,1.5,0.2,I,S,S,1
1.0,0.8,0.2,I,S,S,1
1.0,0.8350000000000001,0.2,I,S,S,1
1.0,0.87,0.2,I,S,S,1
1.0,0.905,0.2,I,S,S,1
1.0,0.9400000000000001,0.2,I,S,S,1
1.0,0.9750000000000001,0.2,I,S,S,1
1.0,1.01,0.2,I,S,S,1
1.0,1.045,0.2,I,S,S,1
1.0,1.08,0.2,I,S,S,1
1.0,1.115,0.2,I,S,S,1
1.0,1.15,0.2,I,S,S,1
1.0,1.185,0.2,I,S,S,1
1.0,1.22,0.2,I,S,S,1
1.0,1.255,0.2,I,S,S,1
1.0,1.29,0.2,I,S,S,1
1.0,1.325,0.2,I,S,S,1
1.0,1.3599999999999999,0.2,I,S,S,1
1.0,1.395,0.2,I,S,S,1
1.0,1.43,0.2,I,S,S,1
1.0,1.4649999999999999,0.2,I,S,S,1
1.0,1.5,0.2,I,S,S,1
