t,x,g,c,u,r,a,ed_proxy
0,0.1,0.4,0.75,0.0,0.5,3.75,0.49250000000000005
1,0.03610000000000002,0.31200000000000006,0.8041,0.0,0.5,0.0,0.590075
2,0.05697400000000002,0.224504,0.7915946,0.0,0.5,0.0,0.55897559
3,0.10826321600000002,0.15776704,0.7787969640000001,0.0,0.0,3.75,0.4852510422
4,0.0036039395200000296,0.17535214463999999,0.8327812789760001,0.0,0.5,0.0,0.6398716765184
5,0.0,0.1046537040896,0.8207308238227201,0.0,0.5,0.0,0.6431096235734081
6,0.0569884203777024,0.04581603735347199,0.8087308238227201,0.0,0.0,0.0,0.5615258350446246
7,0.10488054623454003,0.07124637152049561,0.7959329859374322,0.0,0.0,3.75,0.4925571831622588
8,0.03405095082059387,0.10359335574309601,0.8499646582901487,0.0,0.5,0.0,0.599823367594691
9,0.016252091464829546,0.05311877990628126,0.8374879449786603,0.0,0.0,0.0,0.6228702636960377
10,0.034986055477972754,0.06745790147470972,0.8252604156981527,0.0,0.5,0.0,0.5948085846855611
11,0.05136970783907605,0.023712132523975426,0.8127706109214611,0.0,0.0,0.0,0.5699980006635127
12,0.09962847925956095,0.05177267855103811,0.800051435011714,0.0,0.5,3.75,0.5005278442883718
13,0.0,0.026364431434145876,0.8541566363020802,0.0,0.0,0.0,0.6481234954453121
14,0.05550092419724878,0.04161883377599962,0.8421566363020802,0.0,0.0,0.0,0.5686222015691638
15,0.06852155265137794,0.0674476655036594,0.8293796233633187,0.0,0.5,0.0,0.5484767697925688
16,0.04521004092475456,0.031752258349331416,0.8164203216261994,0.0,0.0,0.0,0.5791689909492735
17,0.05948392810392622,0.05688726166839285,0.8037873810532528,0.0,0.0,0.0,0.5572906078124913
18,0.03723703614107601,0.08092369731302443,0.7909546060597978,0.0,0.5,0.0,0.5865113403114632
19,0.08856140133027283,0.035294320470538265,0.7784332875538228,0.0,0.0,0.0,0.5127790312706915
20,0.09683339723297485,0.07019607910510686,0.765193427935199,0.0,0.0,3.75,0.4992122580641151
21,0.02711044712335542,0.1008008002021016,0.8193377603739374,0.0,0.5,0.0,0.6049460380833931
22,0.04523019972992559,0.049163163475328606,0.8069582141142104,0.0,0.0,0.0,0.5777214524952358
23,0.09483207187376726,0.0711690419849516,0.7943249913179915,0.0,0.0,3.75,0.5063838480744246
24,0.025407793609153934,0.10111831167736444,0.8484973423117588,0.0,0.5,0.0,0.6117036902939483
25,0.07877195042574231,0.0490148860416358,0.8361416332012306,0.0,0.0,0.0,0.5351405143841453
26,0.05367516020092947,0.07909747465631951,0.8230388258952702,0.0,0.5,0.0,0.5683105996029894
27,0.0676634897912694,0.03774196766640507,0.8102873736524572,0.0,0.0,0.0,0.5468142203400914
28,0.043907698606153386,0.06718765103635682,0.7973400847953794,0.0,0.5,0.0,0.5781302346706921
29,0.02403718617098269,0.0256317215152894,0.7847253770148933,0.0,0.0,0.0,0.6040567459128583
30,0.04115898281583561,0.046786936323573156,0.7723888564084995,0.0,0.0,0.0,0.5782357525191051
31,0.05628567701176651,0.06824344366113054,0.7598126306490778,0.0,0.5,0.0,0.5551719467808885
32,0.1047023076596807,0.029468186284950997,0.747024631170913,0.0,0.5,3.75,0.48547046395208404
33,0.0,0.009292466591983187,0.8010587988636775,0.0,0.0,0.0,0.6401588198295517
34,0.02017655686524768,0.027619822605426215,0.7890587988636775,0.0,0.0,0.0,0.610111640218205
35,0.037876615533616105,0.04749062818410894,0.776776327067564,0.0,0.0,0.0,0.5834891873130721
36,0.01847621129440792,0.0680327028390372,0.7642460544500934,0.0,0.5,0.0,0.608770212355343
37,0.0021821630671325157,0.020221107038668407,0.7519873874919717,0.0,0.0,0.0,0.6297430798298103
38,0.022260861271468663,0.0371050269078199,0.7399568372090318,0.0,0.0,0.0,0.5998283198012987
39,0.004849336204711618,0.055768728769564804,0.7276451851512312,0.0,0.0,0.0,0.6223577070860884
40,0.025230034982673722,0.06689419828017393,0.7155772944443652,0.0,0.5,0.0,0.5920145451909116
41,0.04296881985242271,0.020908450985584314,0.7032240739546078,0.0,0.0,0.0,0.5653272632997993
42,0.09235044564180964,0.04745744657276059,0.6906225104766739,0.0,0.5,3.75,0.4943027526729676
43,0.0,0.021079213143697994,0.7448296042376885,0.0,0.0,0.0,0.6317244406356534
44,0.02040050504973026,0.03728495477783235,0.7328296042376885,0.0,0.0,0.0,0.601363733566031
45,0.07325284848354684,0.05546978412975778,0.7205439971669922,0.0,0.0,0.0,0.5255276116980833
46,0.11905137559431568,0.08306590662245263,0.7075184572882226,0.0,0.0,3.75,0.4594558427611915
47,0.011462435236938101,0.11668637357304691,0.7613517380299022,0.0,0.5,0.0,0.618155351372772
48,0.03207473540165466,0.058433810786763615,0.7491912639365851,0.0,0.0,0.0,0.5874740600281713
49,0.04869451485037152,0.07561366134154328,0.7367422176409619,0.0,0.5,0.0,0.5623390118556242
50,0.02831394233680881,0.03368988586415465,0.7240604944330568,0.0,0.0,0.0,0.5889695548934263
51,0.00999009824107451,0.054421052569440936,0.7116640992403415,0.0,0.0,0.0,0.612763477348547
52,0.0,0.06702288668479944,0.6995242378649664,0.0,0.5,0.0,0.624928635679745
53,0.056273434847011194,0.014958767081535543,0.6875242378649664,0.0,0.0,0.0,0.5443458268939293
54,0.0686793705429788,0.04577181337014183,0.6747364097771082,0.0,0.0,0.0,0.5250593427063959
55,0.07993392312099447,0.07401593589383121,0.6617748985895066,0.0,0.5,0.0,0.5073587424190338
56,0.12514947666603804,0.03987720898198026,0.6486558236658126,0.0,0.5,3.75,0.4420891062174187
57,0.01588621690345035,0.02273518576507295,0.7024037309924881,0.0,0.0,0.0,0.6031198559840428
58,0.034094115066503686,0.0424555443841879,0.6901813239558398,0.0,0.0,0.0,0.5757954375002708
59,0.015127594300492736,0.06299613401099496,0.6777040063449087,0.0,0.5,0.0,0.6004769689310465
60,0.0,0.015287452521134125,0.6654922200247018,0.0,0.0,0.0,0.6198238330037054
61,0.02029046159790155,0.032535711067329984,0.6534922200247018,0.0,0.0,0.0,0.5896171867666432
62,0.0380679754844746,0.051548993858706954,0.6412081535623312,0.0,0.0,0.0,0.5628860573560853
63,0.05371788979996359,0.07140648908041361,0.6286752019055485,0.0,0.5,0.0,0.5390962345658833
64,0.10255410852049655,0.031445614597930424,0.615923151448349,0.0,0.5,3.75,0.4688127207885572
65,0.0,0.010398390015222119,0.669987393929062,0.0,0.0,0.0,0.6204981090893593
66,0.02019756941028922,0.028526679812482136,0.657987393929062,0.0,0.0,0.0,0.5904215119149544
67,0.03791191660928589,0.04823929410470476,0.645704627957318,0.0,0.0,0.0,0.5637790109405975
68,0.05352079487197525,0.06865508115208652,0.633173861124788,0.0,0.5,0.0,0.5400469663479529
69,0.032332330131788364,0.029142157313985003,0.6204245699965804,0.0,0.0,0.0,0.5677984233149834
70,0.0483595049023037,0.05165632822909691,0.6079719173747353,0.0,0.0,0.0,0.5434924807429851
71,0.027570644452334023,0.07396447032441235,0.5952948843061031,0.0,0.5,0.0,0.5706953304126479
72,0.045116079165171095,0.02726782033457829,0.5829088952837704,0.0,0.0,0.0,0.544273823461326
73,0.09431791666840414,0.05318747167399526,0.570277270175458,0.0,0.5,3.75,0.4734965071905529
74,0.0,0.02625002677309311,0.6244568193421004,0.0,0.0,0.0,0.6136685229013151
75,0.0,0.04152502195393635,0.6124568193421004,0.0,0.0,0.0,0.6118685229013151
76,0.02078897541712479,0.05405051800222781,0.6004568193421004,0.0,0.0,0.0,0.5809639573173404
77,0.03890547870076965,0.06931077886193675,0.5881657736862607,0.0,0.5,0.0,0.5537571958718616
78,0.054775616481038694,0.026172153554972846,0.5756210969844499,0.0,0.0,0.0,0.5296573014742134
79,0.06760430109123776,0.054607313870527016,0.5628542383537153,0.0,0.0,0.0,0.5097821142253245
80,0.11417723790200449,0.08100302963572921,0.5499077781384379,0.0,0.0,3.75,0.4426380336579594
81,0.007231482158802732,0.11382502139777903,0.6038092968078099,0.0,0.5,0.0,0.6004473194988477
82,0.028381750063128153,0.05507207326429146,0.5917080560575867,0.0,0.0,0.0,0.5690217583202587
83,0.08045467444631174,0.07197072009186976,0.5793107115567029,0.0,0.5,0.0,0.494260062508669
84,0.055558463705573616,0.03832511234244802,0.5661843461144546,0.0,0.0,0.0,0.5271458027293652
85,0.03350845592129981,0.06476062341014505,0.5534065276225766,0.0,0.5,0.0,0.5560991408535668
86,0.015047723937110583,0.02114574061743089,0.5409374092396784,0.0,0.0,0.0,0.5800737978739969
87,0.033342811657646285,0.04095096105119987,0.5287267411045589,0.0,0.0,0.0,0.5526290748449791
88,0.0494528862855486,0.061582062859819,0.5162599417413518,0.0,0.0,0.0,0.5282049504614348
89,0.02869954139990835,0.08236598425358324,0.5035676013333541,0.0,0.5,0.0,0.5553557822401315
90,0.04624655930473927,0.03442799702391626,0.4911658077537554,0.0,0.0,0.0,0.5289296881364284
91,0.02542617294553018,0.05933013179274875,0.47851835592348907,0.0,0.0,0.0,0.5561811112647812
92,0.04299378123721818,0.07475298957698122,0.46616238950225164,0.0,0.5,0.0,0.5297330646932323
93,0.058394958665970276,0.03161595895005696,0.4535604765649306,0.0,0.0,0.0,0.5062811293523812
94,0.07082036767278552,0.05993987641887957,0.440742947143607,0.0,0.0,0.0,0.4869629273296414
95,0.08204437385055426,0.08614758690494978,0.427751461996188,0.0,0.5,0.0,0.4693005959086523
96,0.09219496566267071,0.050331670986191845,0.41460284076228027,0.0,0.5,3.75,0.45311747418660303
97,0.0,0.02339876196771828,0.46881211124300287,0.0,0.0,0.0,0.5903218166864505
98,0.0,0.03918698481352899,0.45681211124300286,0.0,0.0,0.0,0.5885218166864504
99,0.0,0.052133327547093766,0.44481211124300285,0.0,0.0,0.0,0.5867218166864505
100,0.055990533223394784,0.06274932858861688,0.43281211124300284,0.0,0.5,0.0,0.5065350701736978
101,0.10434409581530324,0.02489217741628059,0.4200282437778753,0.0,0.5,3.75,0.43692250242525676
102,0.0,0.0054541684770228645,0.47406742643646105,0.0,0.0,0.0,0.5911101139654692
103,0.020103629201063435,0.024472418151158748,0.46206742643646104,0.0,0.0,0.0,0.5611650330839804
104,0.07275409705778657,0.0448922538922054,0.44978597562764616,0.0,0.0,0.0,0.48561216046324573
105,0.11842147629364835,0.0742726314854772,0.43676741826883714,0.0,0.0,3.75,0.4197250459292179
106,0.010753649610761654,0.10932471212856691,0.4906095176007261,0.0,0.5,0.0,0.5785363181850427
107,0.031325308195697794,0.052227139852007665,0.4784589665061754,0.0,0.0,0.0,0.5479134135019494
108,0.04793208070548825,0.07034432864561375,0.46602041219143564,0.0,0.5,0.0,0.5227981488410318
109,0.027558131650986556,0.02918604885872046,0.4533493630615588,0.0,0.0,0.0,0.5494210201478528
110,0.07925452814816412,0.05054651166038755,0.440963549218445,0.0,0.0,0.0,0.475188192975337
111,0.08911927792896851,0.08046922631707719,0.4278539858243707,0.0,0.5,0.0,0.4594111087730997
112,0.06317149431893737,0.04737339228295574,0.4146063159333651,0.0,0.0,0.0,0.49375085534349245
113,0.0752275795676623,0.07400734030856868,0.4017219150129,0.0,0.5,0.0,0.47493967585720787
114,0.08610185789405238,0.038740638149265275,0.3886687288989527,0.0,0.0,0.0,0.4577577082831696
115,0.05978366991372108,0.0724317691769701,0.375463302888436,0.0,0.5,0.0,0.4926223575540559
116,0.10779015974016257,0.03374213150440854,0.3626263315096439,0.0,0.5,3.75,0.423487726090219
117,0.03584063787512359,0.013538186171254015,0.41661726927328163,0.0,0.0,0.0,0.5323156973658193
118,0.05108017410986011,0.039703065750457955,0.4041155003430299,0.0,0.0,0.0,0.5091050812976503
119,0.06468330798373839,0.06481575570174195,0.39140037790549187,0.0,0.5,0.0,0.48815342550859003
120,0.07685914422434811,0.02867291359152561,0.37849481159371956,0.0,0.0,0.0,0.4691714198249706
121,0.08664364939117837,0.06195798375889455,0.3654187835745787,0.0,0.0,0.0,0.45351170838853716
122,0.0956907401678324,0.09160002253617634,0.3522057724831022,0.0,0.0,3.75,0.4388638296375001
123,0.0,0.11807779611994439,0.4063661021207525,0.0,0.5,0.0,0.5809549153181129
124,0.022243478126278943,0.056823792818354396,0.3943661021207525,0.0,0.0,0.0,0.5480140459413224
125,0.005209043252148618,0.07193394486135754,0.3820546934269846,0.0,0.5,0.0,0.5700155434610397
126,0.025846522149213604,0.020236005166828854,0.36998176682145456,0.0,0.0,0.0,0.5393121340143191
127,0.042612493146493444,0.04279668955261093,0.35761991551136557,0.0,0.0,0.0,0.513985496921614
128,0.02245988120748397,0.06532028378829938,0.34502334060731465,0.0,0.5,0.0,0.5403096674006197
129,0.0055565832304139,0.018953004196201644,0.3327089022704099,0.0,0.0,0.0,0.562127118817982
130,0.025138768657883784,0.03687504341618468,0.3206311101051841,0.0,0.0,0.0,0.5329003903947404
131,0.007319966870687561,0.05627084007916354,0.3082791673439737,0.0,0.0,0.0,0.5559939214826335
132,0.062364317470295416,0.0678988809138791,0.29617668780778406,0.0,0.5,0.0,0.47711645871275404
133,0.07492339176181777,0.030644518542251763,0.28330358736319994,0.0,0.0,0.0,0.4576027896379352
134,0.08501636276746606,0.0631101192274827,0.2702546598785345,0.0,0.5,0.0,0.44151529110732773
135,0.09431316424534299,0.032154224830727676,0.25706443079978997,0.0,0.5,3.75,0.4265212346764884
136,0.0,0.009001623780079012,0.31124404650035514,0.0,0.0,0.0,0.5666866069750534
137,0.05517103085182151,0.02738133149966479,0.29924404650035513,0.0,0.0,0.0,0.48764716378250317
138,0.06796733183106013,0.05569373923416229,0.2864716520684296,0.0,0.0,0.0,0.46781648324678027
139,0.1145100864201608,0.08198102581146752,0.27352010942279475,0.0,0.0,3.75,0.4007138954251941
140,0.0,0.11470686190624195,0.3274169682129125,0.0,0.5,0.0,0.5691125452319369
141,0.022179430376218598,0.0540596267631184,0.3154169682129125,0.0,0.0,0.0,0.5362613427052308
142,0.04010144303204725,0.06965195723604956,0.3031064561876454,0.0,0.5,0.0,0.5093239481832808
143,0.09081062819504558,0.026738951261251972,0.29054503598519676,0.0,0.5,3.75,0.43644687592471576
144,0.0,0.003720490801037559,0.34477368719046614,0.0,0.0,0.0,0.57171605307857
145,0.020070689325219715,0.0230508024568508,0.3327736871904661,0.0,0.0,0.0,0.5418170880232623
146,0.03769875806636912,0.043718623452670385,0.32049269753991305,0.0,0.0,0.0,0.5152956433380702
147,0.05325158578267818,0.0648969731671183,0.30796491492698386,0.0,0.5,0.0,0.49164251714329815
148,0.06702940626327848,0.02599589858487977,0.2952193927260264,0.0,0.0,0.0,0.47044174014031404
149,0.0781392114595322,0.05740369434278825,0.2822809810383405,0.0,0.0,0.0,0.452947251112406
150,0.05329039204771066,0.08582444011137409,0.269187032077907,0.0,0.5,0.0,0.48577150594489116
151,0.10246040152314728,0.043165734982777315,0.25644096658923904,0.0,0.5,3.75,0.41502158285597973
152,0.03143609427457944,0.019986399051432745,0.310506520967915,0.0,0.0,0.0,0.522565446160776
153,0.012414782658115533,0.04393350984807391,0.29806641564807085,0.0,0.0,0.0,0.5473292666258489
154,0.03151144977309276,0.05900502591336834,0.28589260869085725,0.0,0.0,0.0,0.5187678616212987
155,0.013220942297213767,0.0759468691945043,0.27345144839403396,0.0,0.5,0.0,0.5425083980430058
156,0.032813000890299426,0.02544945889082482,0.26126635520187297,0.0,0.0,0.0,0.5132517520338618
157,0.04870272048458318,0.04874367650414821,0.24880697318940878,0.0,0.0,0.0,0.4891372372999949
158,0.06281046947032035,0.07165846764970149,0.23612513510262462,0.0,0.5,0.0,0.4674841130069452
159,0.07537851462981983,0.0338344561456321,0.22324578853004012,0.0,0.0,0.0,0.44795694779775824
160,0.12046837724841206,0.06583509755057508,0.21019048932522263,0.0,0.0,3.75,0.3828728452510066
161,0.0,0.10289719053109046,0.26400393204374484,0.0,0.5,0.0,0.5596005898065618
162,0.056955046620090724,0.044375696235494186,0.2520039320437448,0.0,0.0,0.0,0.4780635245384348
163,0.03482447832175241,0.07005728210192701,0.23920656139106355,0.0,0.5,0.0,0.5071267145582062
164,0.01628013971664368,0.02580484612080072,0.22671901869455902,0.0,0.0,0.0,0.5312156572008827
165,0.03449121223260878,0.045067207351051075,0.214491096738526,0.0,0.0,0.0,0.5038859673851267
166,0.05051871945971352,0.06523300096368799,0.2020082197672695,0.0,0.5,0.0,0.4795750257214916
167,0.0996855257536637,0.025615553460555395,0.1893009576948335,0.0,0.5,3.75,0.40883540759909587
168,0.02871624766390135,0.004929280018534706,0.24340536033428217,0.0,0.0,0.0,0.5163080573206805
169,0.044789629311307325,0.030933909054534782,0.23100333286698754,0.0,0.0,0.0,0.4919450188942179
170,0.09410682547976046,0.05611531645943228,0.21837627805662924,0.0,0.5,3.75,0.42100688603682973
171,0.0,0.028600197611876984,0.2725587824999126,0.0,0.0,0.0,0.5608838173749869
172,0.020543403754625662,0.04345216204173913,0.2605587824999126,0.0,0.0,0.0,0.5303230521185109
173,0.038492918307771115,0.06056118977533624,0.24827117484734784,0.0,0.0,0.0,0.5033505905962226
174,0.08925457235041455,0.07889847600964078,0.23573227399103905,0.0,0.5,0.0,0.4304034398080755
175,0.06325800326553968,0.04611784769200493,0.22248270997813324,0.0,0.0,0.0,0.4648112019249645
176,0.040278121914512216,0.07299855589117356,0.20959709793241568,0.0,0.5,0.0,0.49505019400954525
177,0.05602615740841281,0.029525565090245256,0.19703320422561252,0.0,0.0,0.0,0.471118360262064
178,0.10374348110794968,0.057657241152020186,0.18424883802189473,0.0,0.5,3.75,0.4023964521521547
179,0.03281488133472511,0.03217737321056448,0.23829642928638345,0.0,0.0,0.0,0.5098036305243424
180,0.048832168038864324,0.05426101755299689,0.2258370209476973,0.0,0.0,0.0,0.4855105178877446
