nep_to_cost_ratio_metro,nep_to_cost_ratio_regional,nep_to_cost_ratio_remote,rurality_weight,remote_weight,nominal_cth_share_target,effective_cth_share_base,cap_growth,has_cumulative_cap,demand_base,avoidable_ed_share,discharge_delay_base,bed_capacity_index,cost_shifting_intensity,fragmentation_index,audit_pressure,admin_burden_weight,occupancy_base,offload_base_min,within4_base,rr_beta_pressure,rr_beta_offload,offload_threshold_min,tau,bargaining_cost,political_salience,noise_sd,sample_id,pressure_2030,within4_2030,offload_2030,rr_2030,effshare_nominal_2030,effshare_effective_2030,effgap_2030
0.9,0.83,0.75,0.3903565619639838,0.07,0.45,0.38,0.065,False,1.0,0.18,1.115318378020118,1.0,0.3901154165992421,0.8798957794736187,0.5,0.41605335577530766,0.88,18.0,0.53,0.44865146114516286,0.020473793118981457,20.0,0.25,0.12,0.4036249994357569,0.03,0,1.1674627142711558,0.48792107511172844,16.157565023176762,1.078625072880242,0.4442348142171374,0.3843149310087025,0.15609892805272124
0.9,0.83,0.75,0.32519308535680386,0.07,0.45,0.38,0.065,False,1.0,0.18,1.0034744674380023,1.0,0.4922150438953228,1.081370185303844,0.5,0.05,0.88,18.0,0.53,0.2955187262182606,0.00832652208707576,20.0,0.25,0.12,0.4449931099938343,0.03,1,1.1301459653964199,0.5057929783391972,19.280935880131516,1.0427016837907535,0.4431199947022458,0.38568682817144184,0.14909171546765496
0.9,0.83,0.75,0.36226719615778014,0.07,0.45,0.38,0.065,False,1.0,0.18,1.0081753497112897,1.0,0.34137132905326845,1.043595580178215,0.5,0.31002989184541513,0.88,18.0,0.53,0.34367149457004215,0.012188228928166117,20.0,0.25,0.12,0.1723116281300024,0.03,2,1.1424480253418625,0.5000380923641086,18.677692739917685,1.0536261247687155,0.4440917101198597,0.3835866145153783,0.15790140031986657
0.9,0.83,0.75,0.36902939982465605,0.07,0.45,0.38,0.065,False,1.0,0.18,1.0446000016328711,1.0,0.34102003223617056,0.8578265785668864,0.5,0.3488575422979182,0.88,18.0,0.53,0.3590060543510319,0.015672233637614854,20.0,0.25,0.12,0.177747227217309,0.03,3,1.1423608327887707,0.5002392318803152,15.501088973395158,1.0527915136403638,0.444271076539153,0.38500924645524087,0.15411187796178535
0.9,0.83,0.75,0.4006201289735301,0.07,0.45,0.38,0.065,False,1.0,0.18,0.8526900546791608,1.0,0.34521349271529506,1.0792409417246964,0.5,0.19529308199864776,0.88,18.0,0.53,0.3701147505276623,0.01594908594625413,20.0,0.25,0.12,0.3817994020413403,0.03,4,1.073617334121339,0.534478530320782,18.706991562260203,1.0328323067639897,0.44412873815089654,0.38293460962473436,0.15996470136830274
0.9,0.83,0.75,0.4925524699433749,0.07,0.45,0.38,0.065,False,1.0,0.18,0.9344292450894071,1.0,0.28321577092163563,1.2372428373662685,0.5,0.13758129682326553,0.88,18.0,0.53,0.40346117373160095,0.019791708591693484,20.0,0.25,0.12,0.10488856034858898,0.03,5,1.1226246104860784,0.509305135886299,20.90862748514058,1.0787560408062242,0.4463852804741324,0.38176788663208694,0.1694531498356651
0.9,0.83,0.75,0.3113432158095735,0.07,0.45,0.38,0.065,False,1.0,0.18,1.0454164365426013,1.0,0.37429112098006195,1.0676733210292841,0.5,0.3333051825355282,0.88,18.0,0.53,0.5094804777732731,0.01226071218668813,20.0,0.25,0.12,0.23851815772674403,0.03,6,1.1686000019030836,0.4875563500230479,18.20682101204096,1.0922922841612495,0.4429007643429674,0.38642306908600693,0.14632937382454408
0.9,0.83,0.75,0.3138613762960295,0.07,0.45,0.38,0.065,False,1.0,0.18,1.1021767269151406,1.0,0.41285217260086676,1.1136237361542205,0.5,0.20269826089364948,0.88,18.0,0.53,0.32067646072137657,0.019036955129199548,20.0,0.25,0.12,0.3481576423219336,0.03,7,1.2044906397412616,0.4726205683345983,19.85884203942099,1.0848629589482626,0.4434750918975413,0.3852717959790614,0.15122858665511663
0.9,0.83,0.75,0.4026375869489249,0.07,0.45,0.38,0.065,False,1.0,0.18,1.103205256020161,1.0,0.4175137927453433,0.9479819035047223,0.5,0.2099807415998622,0.88,18.0,0.53,0.3985306678121941,0.012285364275931314,20.0,0.25,0.12,0.22344409153285216,0.03,8,1.1740762578347703,0.48530109793950243,16.796767842104078,1.0725169338539366,0.444815804622363,0.3848528165505252,0.1561030048392934
0.9,0.83,0.75,0.2834694693272284,0.07,0.45,0.38,0.065,False,1.0,0.18,1.2014422202349968,1.0,0.3878176704098961,1.0858309819370475,0.5,0.19955420027932924,0.88,18.0,0.53,0.25921716043735077,0.017149331304737052,20.0,0.25,0.12,0.29860059980220977,0.03,9,1.23960188782752,0.45753218266977935,19.290976294396028,1.0736333530396065,0.442930897684244,0.38728581398087003,0.14388065080213414
0.9,0.83,0.75,0.313646392280426,0.07,0.45,0.38,0.065,False,1.0,0.18,1.0182047944562571,1.0,0.2038541467661431,0.9894464903349739,0.5,0.3052234103353392,0.88,18.0,0.53,0.4173483739268994,0.010708249819260753,20.0,0.25,0.12,0.25185846649326876,0.03,10,1.1436403363529615,0.49938867629047284,17.691784140129606,1.063303040271233,0.44324693192803033,0.38611481621441773,0.1481785296361271
0.9,0.83,0.75,0.31325336290308137,0.07,0.45,0.38,0.065,False,1.0,0.18,0.9065782180357668,1.0,0.26153227653879985,1.0757938601978647,0.5,0.2243655709455008,0.88,18.0,0.53,0.2850650030679202,0.01398470197171986,20.0,0.25,0.12,0.1522926828009673,0.03,11,1.099620417610432,0.5208314504043148,18.642189017304297,1.0311769614948583,0.44313775964953483,0.38475958891474926,0.1519006339938224
0.9,0.83,0.75,0.29970311700185165,0.07,0.45,0.38,0.065,False,1.0,0.18,1.0175145247906856,1.0,0.4064836211500721,1.0800871493975284,0.5,0.1629128735826937,0.88,18.0,0.53,0.3463633340189914,0.021866003234882525,20.0,0.25,0.12,0.15278332267151443,0.03,12,1.1567384185651517,0.49359867041554506,18.65955429129408,1.0630746346925102,0.4430205103289249,0.38720573383002044,0.14429346730205017
0.9,0.83,0.75,0.4469911829417652,0.07,0.45,0.38,0.065,False,1.0,0.18,0.9322597860545031,1.0,0.3017681064920311,0.8791590966185622,0.5,0.2609793686072713,0.88,18.0,0.53,0.42380779566743426,0.005845607082793098,20.0,0.25,0.12,0.3543383458357833,0.03,13,1.0892624140488678,0.5263718592710109,15.890727758673675,1.0387882235349464,0.4450978740625752,0.3822840435289434,0.16449093776348567
0.9,0.83,0.75,0.4394826521865647,0.07,0.45,0.38,0.065,False,1.0,0.18,0.7878196037517605,1.0,0.4950847395959337,0.9729489079745887,0.5,0.20114963034546243,0.88,18.0,0.53,0.33891762790504526,0.018007619015961113,20.0,0.25,0.12,0.2965537599149518,0.03,14,1.054105659786669,0.5448867732277489,17.13009834948259,1.0193068477615188,0.44515609219972346,0.3834324062645647,0.161229543653171
0.9,0.83,0.75,0.48470344843759106,0.07,0.45,0.38,0.065,False,1.0,0.18,0.9740578750428052,1.0,0.363892363403261,1.0700341600230194,0.5,0.236306614866071,0.88,18.0,0.53,0.24967213536251065,0.02133521903666459,20.0,0.25,0.12,0.28535320685443377,0.03,15,1.1318702862571004,0.5049801100091195,18.81502115905335,1.0399146754438784,0.445893132385661,0.38299523291019977,0.16444923033820014
0.9,0.83,0.75,0.3007719534409363,0.07,0.45,0.38,0.065,False,1.0,0.18,1.0579212899899957,1.0,0.39084762833824604,1.0483314060171023,0.5,0.31611642791767713,0.88,18.0,0.53,0.2299803997732548,0.015012497734884491,20.0,0.25,0.12,0.33429822437156753,0.03,16,1.1785733365472042,0.4834751318655798,18.620479947470226,1.0468321667861853,0.44296901844977843,0.38678013574628156,0.1453985354163813
0.9,0.83,0.75,0.4062413065472777,0.07,0.45,0.38,0.065,False,1.0,0.18,0.882502902836185,1.0,0.3936651468612325,0.8921750023416934,0.5,0.18468580638211413,0.88,18.0,0.53,0.3958632609365543,0.019818047229237582,20.0,0.25,0.12,0.44378518066844985,0.03,17,1.0675845346998394,0.5378501124584752,15.774098765418362,1.0274770853702186,0.4443480778178696,0.38286665380065005,0.1607597984451665
0.9,0.83,0.75,0.3734491976144812,0.07,0.45,0.38,0.065,False,1.0,0.18,1.0556097581206574,1.0,0.33329179212665244,1.1253876661014433,0.5,0.20095631644085254,0.88,18.0,0.53,0.40558580483740714,0.02017406741923878,20.0,0.25,0.12,0.40248205595966036,0.03,18,1.1448278342347182,0.4988804212011672,19.379394977694723,1.0704885959654615,0.4439488111187833,0.3841518517740768,0.15583917158091648
0.9,0.83,0.75,0.4022690207051552,0.07,0.45,0.38,0.065,False,1.0,0.18,0.922710556868795,1.0,0.35408438464051695,0.8704512602186295,0.5,0.3052414912549595,0.88,18.0,0.53,0.3195015322052365,0.015498609083816508,20.0,0.25,0.12,0.1756333048304809,0.03,19,1.0997818054792756,0.5210798683426893,15.737066379014072,1.0327047476372375,0.44462401500851423,0.3837901945012196,0.15873612389869612
0.9,0.83,0.75,0.2753048729852681,0.07,0.45,0.38,0.065,False,1.0,0.18,0.9328039077914515,1.0,0.4411641615431294,1.2238831918526696,0.5,0.3122077367297117,0.88,18.0,0.53,0.27668744180444743,0.013234794106777767,20.0,0.25,0.12,0.45080731511297945,0.03,20,1.1302145767581182,0.5052355782615865,21.138148496932654,1.0565921981629751,0.44214909199613045,0.3855127651280704,0.14710271207089898
0.9,0.83,0.75,0.3012442978047602,0.07,0.45,0.38,0.065,False,1.0,0.18,1.0569402810987119,1.0,0.2831063472478848,0.9818361481525858,0.5,0.18835969599683697,0.88,18.0,0.53,0.3322007132831905,0.011459245611514386,20.0,0.25,0.12,0.27038975891160977,0.03,21,1.1503177645716958,0.49635456040593084,17.699708153007485,1.0524388098105608,0.44296043320770484,0.3868942673213031,0.14512453994242422
0.9,0.83,0.75,0.43795524742262554,0.07,0.45,0.38,0.065,False,1.0,0.18,0.9757591637892075,1.0,0.3497205783515269,0.9358416291876563,0.5,0.28496194850380946,0.88,18.0,0.53,0.2212032481916956,0.014352718998847198,20.0,0.25,0.12,0.28481477431994384,0.03,22,1.1242215144955652,0.5087690952408489,16.66210055580749,1.0280627608371005,0.44528840949083387,0.38373229797481906,0.16060649841618801
0.9,0.83,0.75,0.3423736416777956,0.07,0.45,0.38,0.065,False,1.0,0.18,1.0447519179369067,1.0,0.3644681773882143,1.1091204153227228,0.5,0.19796919989410594,0.88,18.0,0.53,0.2251678624955481,0.0165611068944255,20.0,0.25,0.12,0.4534484423028149,0.03,23,1.1728282286362546,0.48539575626017767,19.456047511613,1.0492153034222362,0.44337269260440615,0.3844276302150411,0.15349562619636284
0.9,0.83,0.75,0.48751551724007103,0.07,0.45,0.38,0.065,False,1.0,0.18,0.9238675092873824,1.0,0.24452123441354473,1.1100191592853956,0.5,0.08351067241650642,0.88,18.0,0.53,0.2848007285533455,0.01879840075625451,20.0,0.25,0.12,0.48931154651628606,0.03,24,1.1044789789305536,0.5185607166264392,19.735680937693342,1.041515756791122,0.44576673266958905,0.3823360566160277,0.16611548374757487
0.9,0.83,0.75,0.34743010779005445,0.07,0.45,0.38,0.065,False,1.0,0.18,0.8523097084678605,1.0,0.34182750202549234,1.075674676947564,0.5,0.05,0.88,18.0,0.53,0.5151216261020768,0.009459358216896606,20.0,0.25,0.12,0.3469849016769725,0.03,25,1.0625676643086563,0.5405213860822169,18.30839286340124,1.0351368034265602,0.44342439113957954,0.38424740979529753,0.1541522480166606
0.9,0.83,0.75,0.3562155080561794,0.07,0.45,0.38,0.065,False,1.0,0.18,0.9741958513534538,1.0,0.30825589446076795,0.9792910927439226,0.5,0.3728604700577962,0.88,18.0,0.53,0.2631622244741287,0.010969374238534824,20.0,0.25,0.12,0.5022735704963598,0.03,26,1.1195833434777702,0.5106196707025602,17.361483223892733,1.0325081423152784,0.4435979940795871,0.3848337867369103,0.1528876663733789
0.9,0.83,0.75,0.4024419714978994,0.07,0.45,0.38,0.065,False,1.0,0.18,1.1023437301981545,1.0,0.2802504819648708,1.0700384406480528,0.5,0.23869431235197786,0.88,18.0,0.53,0.2615997711767394,0.014169484866095783,20.0,0.25,0.12,0.29568274786927906,0.03,27,1.1969991296370268,0.4744884616725575,18.708065011340956,1.0554946055848926,0.4447647461365482,0.38500234528140426,0.15547889676828622
0.9,0.83,0.75,0.36333379571624946,0.07,0.45,0.38,0.065,False,1.0,0.18,0.969701384320267,1.0,0.5663211312553391,1.1370001487728403,0.5,0.27739299101977927,0.88,18.0,0.53,0.24557592616930024,0.006587916124088945,20.0,0.25,0.12,0.10224466747044389,0.03,28,1.1370027449079436,0.5018379492899024,19.774428677336786,1.0388068124728462,0.444322888484266,0.3839740857991326,0.1573393331473774
0.9,0.83,0.75,0.41799732763933395,0.07,0.45,0.38,0.065,False,1.0,0.18,0.9182089935695275,1.0,0.27718901600828677,1.1520621183729252,0.5,0.4149856718071522,0.88,18.0,0.53,0.25699599804780116,0.011955522343326929,20.0,0.25,0.12,0.481622986968919,0.03,29,1.1224481838433271,0.5093752920246238,19.933238807439068,1.0406104797640376,0.4446267345452931,0.3833017136166123,0.16020478684756104
0.9,0.83,0.75,0.4266362880900789,0.07,0.45,0.38,0.065,False,1.0,0.18,1.0493910590420235,1.0,0.34909618384406854,0.9801507671160001,0.5,0.3229359996333968,0.88,18.0,0.53,0.3574213236873556,0.010310690163208208,20.0,0.25,0.12,0.19522502295045308,0.03,30,1.1600363323667144,0.4916757295780431,17.376857396697666,1.0593266526835277,0.444948219292431,0.3830649792414335,0.1617846471010756
0.9,0.83,0.75,0.35015664591308193,0.07,0.45,0.38,0.065,False,1.0,0.18,1.1214073050708158,1.0,0.31029142999916703,1.09098587842147,0.5,0.22063754222882978,0.88,18.0,0.53,0.3899351794263093,0.008716776888060166,20.0,0.25,0.12,0.18299843364483254,0.03,31,1.1882179533213677,0.4793191525555052,19.244928427849548,1.0810025148426532,0.4439572633514573,0.3852962567782015,0.15247348196456584
0.9,0.83,0.75,0.21365149970651695,0.07,0.45,0.38,0.065,False,1.0,0.18,1.057744466779315,1.0,0.531791598654635,1.0070527226536308,0.5,0.05,0.88,18.0,0.53,0.5364603480802131,0.016222499495718475,20.0,0.25,0.12,0.29390150491440303,0.03,32,1.1523368830960308,0.4956225234229648,17.998972178786687,1.0893574791733205,0.44158305765791517,0.38682894908813503,0.14165903391416534
0.9,0.83,0.75,0.44395629797025127,0.07,0.45,0.38,0.065,False,1.0,0.18,0.9393209911444049,1.0,0.44749826756535044,1.014713779236801,0.5,0.38501880514757825,0.88,18.0,0.53,0.43252114726049906,0.01898335191205421,20.0,0.25,0.12,0.3131972951547599,0.03,33,1.1149820134429935,0.5128726400291506,17.662206822416177,1.052951552976287,0.44512784833329877,0.3832519196690698,0.16163273643624834
0.9,0.83,0.75,0.3343320854697918,0.07,0.45,0.38,0.065,False,1.0,0.18,0.9953462961879812,1.0,0.31130139117261313,0.9145155428267264,0.5,0.18784144324844354,0.88,18.0,0.53,0.23194835864962957,0.009440884618019384,20.0,0.25,0.12,0.15603137739375786,0.03,34,1.1199512877198747,0.5109036440636464,16.889709200549312,1.0287447495073507,0.4438028460237075,0.3853239927100924,0.15195159448486306
0.9,0.83,0.75,0.32621718383524095,0.07,0.45,0.38,0.065,False,1.0,0.18,1.051663106172873,1.0,0.2867257000075916,1.0949537218721208,0.5,0.1972867017310857,0.88,18.0,0.53,0.27947334813710634,0.01376207037088252,20.0,0.25,0.12,0.4235179840215852,0.03,35,1.1621686791170194,0.49049876548566373,19.051588061409443,1.0521325827849213,0.44327145552356456,0.386533695566219,0.1469958806988766
0.9,0.83,0.75,0.3896856434561746,0.07,0.45,0.38,0.065,False,1.0,0.18,0.9345871933454091,1.0,0.17260353130882872,1.0387955450088904,0.5,0.38253886577123086,0.88,18.0,0.53,0.39771141619711586,0.010387892687146866,20.0,0.25,0.12,0.400520411837579,0.03,36,1.107323820598661,0.5171747172570366,18.441216309131306,1.04564388487727,0.44421757095309805,0.38251202985068883,0.161483974696398
0.9,0.83,0.75,0.25380909029283466,0.07,0.45,0.38,0.065,False,1.0,0.18,1.161991060103559,1.0,0.35003218629469807,1.1896958607395067,0.5,0.33906613468339436,0.88,18.0,0.53,0.31899701666950675,0.03613197378308476,20.0,0.25,0.12,0.1804932445835506,0.03,37,1.2614673525231062,0.44954359231321106,21.030880388296197,1.1416531087519657,0.44275510927485684,0.3882078122292807,0.14073014986525786
0.9,0.83,0.75,0.32891283452272146,0.07,0.45,0.38,0.065,False,1.0,0.18,1.0922383240533675,1.0,0.2349855508029744,1.0958139948568955,0.5,0.18597986538273256,0.88,18.0,0.53,0.46242419306247384,0.01597111456173678,20.0,0.25,0.12,0.1969583847997638,0.03,38,1.1702799649213573,0.48673476513821307,19.457359568863147,1.0918940302462083,0.44382585873519126,0.3864889930095944,0.14851449747997356
0.9,0.83,0.75,0.3925360438848127,0.07,0.45,0.38,0.065,False,1.0,0.18,1.0310746061392486,1.0,0.3508861509564683,1.282938424433485,0.5,0.2166040903184126,0.88,18.0,0.53,0.3025655741887839,0.020800348626848923,20.0,0.25,0.12,0.504381925535012,0.03,39,1.1614216908190222,0.490222621917879,22.2121289404071,1.1050464049209543,0.44422163723027497,0.3845395335222197,0.1553923124292927
