,pressure_mean,pressure_p10,pressure_p90,occupancy_mean,occupancy_p10,occupancy_p90,offload_mean,offload_p10,offload_p90,within4_mean,within4_p10,within4_p90,rr_mean,rr_p10,rr_p90,cth_nominal_mean,cth_effective_mean,effgap_mean,discharge_mean,BARG_A,COMP_L,DEF_R,DISC_C,GOV_I,SHIFT_I,SIGNAL_H,SIGNAL_L
pressure_mean,1.0,0.9997322955194284,0.9998041275467968,0.9611275426538322,0.9611275426538322,0.9611275426538322,0.9368247400271853,0.9447481597777309,0.8150160384759281,-0.999938678183685,-0.9999737447682483,-0.9995083182999532,0.9934581666283763,0.9791948708368435,0.9996670975464056,-0.9947178663130698,-0.9945153389512105,0.9751187465539314,0.9374247029067495,0.5657903949788878,0.5657903949788878,0.5657903949788878,0.5657903949788878,0.5657903949788878,0.5657903949788878,0.4882048707862034,0.6618266427375091
pressure_p10,0.9997322955194284,1.0,0.9991300178023211,0.9671030078128585,0.9671030078128585,0.9671030078128585,0.9444755670033026,0.9520260806059246,0.8279947780122047,-0.9999088227269595,-0.9995909021676457,-0.9999611794693113,0.9907164817993921,0.9744973388790125,0.9988537778092038,-0.9964857064850268,-0.9963355391065449,0.9798221977443813,0.9293717174219769,0.5821951466097097,0.5821951466097097,0.5821951466097097,0.5821951466097097,0.5821951466097097,0.5821951466097097,0.505843495568282,0.676248528728374
pressure_p90,0.9998041275467968,0.9991300178023211,1.0,0.9556762465091934,0.9556762465091934,0.9556762465091934,0.9300211067427949,0.938526745247835,0.8048108685868268,-0.9995273679091639,-0.9999108706915857,-0.9987347747235652,0.9948252221206091,0.9820790349717661,0.9999809350951685,-0.9924982513800497,-0.9922557177354059,0.9706653137226045,0.9439129574984688,0.5567640728074045,0.5567640728074045,0.5567640728074045,0.5567640728074045,0.5567640728074045,0.5567640728074045,0.47838079813105006,0.6540539901962911
occupancy_mean,0.9611275426538322,0.9671030078128585,0.9556762465091934,1.0,1.0,1.0,0.9969201204587986,0.9980209939681425,0.9388464946002802,-0.9640348543450997,-0.9594429982445528,-0.9692146268249063,0.9277250831144626,0.8903816464638157,0.9538504913648366,-0.9827093086215695,-0.9831313053225902,0.9983858342865045,0.8049006280713669,0.7146156901791976,0.7146156901791976,0.7146156901791976,0.7146156901791976,0.7146156901791976,0.7146156901791976,0.6527086544818977,0.7865255067044675
occupancy_p10,0.9611275426538322,0.9671030078128585,0.9556762465091934,1.0,1.0,1.0,0.9969201204587986,0.9980209939681425,0.9388464946002802,-0.9640348543450997,-0.9594429982445528,-0.9692146268249063,0.9277250831144626,0.8903816464638157,0.9538504913648366,-0.9827093086215695,-0.9831313053225902,0.9983858342865045,0.8049006280713669,0.7146156901791976,0.7146156901791976,0.7146156901791976,0.7146156901791976,0.7146156901791976,0.7146156901791976,0.6527086544818977,0.7865255067044675
occupancy_p90,0.9611275426538322,0.9671030078128585,0.9556762465091934,1.0,1.0,1.0,0.9969201204587986,0.9980209939681425,0.9388464946002802,-0.9640348543450997,-0.9594429982445528,-0.9692146268249063,0.9277250831144626,0.8903816464638157,0.9538504913648366,-0.9827093086215695,-0.9831313053225902,0.9983858342865045,0.8049006280713669,0.7146156901791976,0.7146156901791976,0.7146156901791976,0.7146156901791976,0.7146156901791976,0.7146156901791976,0.6527086544818977,0.7865255067044675
offload_mean,0.9368247400271853,0.9444755670033026,0.9300211067427949,0.9969201204587986,0.9969201204587986,0.9969201204587986,1.0,0.999162042019315,0.9618814924593915,-0.9404876171035856,-0.9347052894227686,-0.9471786675868981,0.8958905935652368,0.8521160534462439,0.927756455122889,-0.9653055108461388,-0.9659013102535694,0.9909174035789965,0.7565244100306706,0.7499018115441907,0.7499018115441907,0.7499018115441907,0.7499018115441907,0.7499018115441907,0.7499018115441907,0.6927860099314084,0.8146215753467789
offload_p10,0.9447481597777309,0.9520260806059246,0.938526745247835,0.9980209939681425,0.9980209939681425,0.9980209939681425,0.999162042019315,1.0,0.9574692052409125,-0.9481435231856519,-0.9429006043771395,-0.9545110330481705,0.9046301741486734,0.8628214875517795,0.9363969051899445,-0.9701198517870779,-0.9706712709256266,0.9931973582465754,0.7725282183404396,0.7548596412972112,0.7548596412972112,0.7548596412972112,0.7548596412972112,0.7548596412972112,0.7548596412972112,0.69742366677374,0.8199286792774864
offload_p90,0.8150160384759281,0.8279947780122047,0.8048108685868268,0.9388464946002802,0.9388464946002802,0.9388464946002802,0.9618814924593915,0.9574692052409125,1.0,-0.820683565192274,-0.8119726185704416,-0.8322334383606153,0.7467777936579836,0.6828542652987403,0.8012944163679576,-0.8604391005817482,-0.8615975447452349,0.9186368814861003,0.5685792006598345,0.8767381185705787,0.8767381185705787,0.8767381185705787,0.8767381185705787,0.8767381185705787,0.8767381185705787,0.8386551415357041,0.9131350761748644
within4_mean,-0.999938678183685,-0.9999088227269595,-0.9995273679091639,-0.9640348543450997,-0.9640348543450997,-0.9640348543450997,-0.9404876171035856,-0.9481435231856519,-0.820683565192274,1.0,0.9998446874085468,0.9997822747870544,-0.9924604515616324,-0.9773760498572834,-0.9993228828247311,0.9957706244624263,0.995590977031137,-0.9774509871335465,-0.9336301681088186,-0.571448229640215,-0.571448229640215,-0.571448229640215,-0.571448229640215,-0.571448229640215,-0.571448229640215,-0.49443185202290674,-0.6666040824522784
within4_p10,-0.9999737447682483,-0.9995909021676457,-0.9999108706915857,-0.9594429982445528,-0.9594429982445528,-0.9594429982445528,-0.9347052894227686,-0.9429006043771395,-0.8119726185704416,0.9998446874085468,1.0,0.9993127036729391,-0.9938222852220943,-0.9800601230888402,-0.9998099775438709,0.9940000198511777,0.9937855123081921,-0.9737327466332582,-0.9395351939615744,-0.5640787134831763,-0.5640787134831763,-0.5640787134831763,-0.5640787134831763,-0.5640787134831763,-0.5640787134831763,-0.4863703737171292,-0.66031374231275
within4_p90,-0.9995083182999532,-0.9999611794693113,-0.9987347747235652,-0.9692146268249063,-0.9692146268249063,-0.9692146268249063,-0.9471786675868981,-0.9545110330481705,-0.8322334383606153,0.9997822747870544,0.9993127036729391,1.0,-0.9897844196636688,-0.9729389322815113,-0.9984054368934001,0.9971523162024051,0.9970199089572567,-0.9814831037279825,-0.9262288156895412,-0.5863144564547617,-0.5863144564547617,-0.5863144564547617,-0.5863144564547617,-0.5863144564547617,-0.5863144564547617,-0.5104281404288127,-0.6796571106297868
rr_mean,0.9934581666283763,0.9907164817993921,0.9948252221206091,0.9277250831144626,0.9277250831144626,0.9277250831144626,0.8958905935652368,0.9046301741486734,0.7467777936579836,-0.9924604515616324,-0.9938222852220943,-0.9897844196636688,1.0,0.995546237120343,0.9952803005076356,-0.9807491236707218,-0.9803008585038876,0.9474095778601671,0.9650547597242849,0.46990342395252754,0.46990342395252754,0.46990342395252754,0.46990342395252754,0.46990342395252754,0.46990342395252754,0.3876963464113107,0.5739842940535637
rr_p10,0.9791948708368435,0.9744973388790125,0.9820790349717661,0.8903816464638157,0.8903816464638157,0.8903816464638157,0.8521160534462439,0.8628214875517795,0.6828542652987403,-0.9773760498572834,-0.9800601230888402,-0.9729389322815113,0.995546237120343,1.0,0.983037578295829,-0.9591782264861759,-0.9585282817675909,0.9146497157176784,0.9815804699794068,0.39910111746983423,0.39910111746983423,0.39910111746983423,0.39910111746983423,0.39910111746983423,0.39910111746983423,0.31539908497774544,0.5064977133677754
rr_p90,0.9996670975464056,0.9988537778092038,0.9999809350951685,0.9538504913648366,0.9538504913648366,0.9538504913648366,0.927756455122889,0.9363969051899445,0.8012944163679576,-0.9993228828247311,-0.9998099775438709,-0.9984054368934001,0.9952803005076356,0.983037578295829,1.0,-0.991760526027892,-0.991504469298262,0.9691720450253063,0.9459151202074444,0.5529434590147435,0.5529434590147435,0.5529434590147435,0.5529434590147435,0.5529434590147435,0.5529434590147435,0.4742568148379655,0.650717082941412
cth_nominal_mean,-0.9947178663130698,-0.9964857064850268,-0.9924982513800497,-0.9827093086215695,-0.9827093086215695,-0.9827093086215695,-0.9653055108461388,-0.9701198517870779,-0.8604391005817482,0.9957706244624263,0.9940000198511777,0.9971523162024051,-0.9807491236707218,-0.9591782264861759,-0.991760526027892,1.0,0.9999973680881552,-0.9916080725067885,-0.898658972455434,-0.6041176018849269,-0.6041176018849269,-0.6041176018849269,-0.6041176018849269,-0.6041176018849269,-0.6041176018849269,-0.5311825563222099,-0.6931018959959682
cth_effective_mean,-0.9945153389512105,-0.9963355391065449,-0.9922557177354059,-0.9831313053225902,-0.9831313053225902,-0.9831313053225902,-0.9659013102535694,-0.9706712709256266,-0.8615975447452349,0.995590977031137,0.9937855123081921,0.9970199089572567,-0.9803008585038876,-0.9585282817675909,-0.991504469298262,0.9999973680881552,1.0,-0.9919020703853527,-0.8976944439796826,-0.6056341024980046,-0.6056341024980046,-0.6056341024980046,-0.6056341024980046,-0.6056341024980046,-0.6056341024980046,-0.532817461706342,-0.6944291524286842
effgap_mean,0.9751187465539314,0.9798221977443813,0.9706653137226045,0.9983858342865045,0.9983858342865045,0.9983858342865045,0.9909174035789965,0.9931973582465754,0.9186368814861003,-0.9774509871335465,-0.9737327466332582,-0.9814831037279825,0.9474095778601671,0.9146497157176784,0.9691720450253063,-0.9916080725067885,-0.9919020703853527,1.0,0.8369319439305382,0.6846872766515218,0.6846872766515218,0.6846872766515218,0.6846872766515218,0.6846872766515218,0.6846872766515218,0.6190221341049217,0.7622771331184246
discharge_mean,0.9374247029067495,0.9293717174219769,0.9439129574984688,0.8049006280713669,0.8049006280713669,0.8049006280713669,0.7565244100306706,0.7725282183404396,0.5685792006598345,-0.9336301681088186,-0.9395351939615744,-0.9262288156895412,0.9650547597242849,0.9815804699794068,0.9459151202074444,-0.898658972455434,-0.8976944439796826,0.8369319439305382,1.0,0.3196256791973653,0.3196256791973653,0.3196256791973653,0.3196256791973653,0.3196256791973653,0.3196256791973653,0.23149076467459676,0.4345143650082407
BARG_A,0.5657903949788878,0.5821951466097097,0.5567640728074045,0.7146156901791976,0.7146156901791976,0.7146156901791976,0.7499018115441907,0.7548596412972112,0.8767381185705787,-0.571448229640215,-0.5640787134831763,-0.5863144564547617,0.46990342395252754,0.39910111746983423,0.5529434590147435,-0.6041176018849269,-0.6056341024980046,0.6846872766515218,0.3196256791973653,1.0,1.0,1.0,1.0,1.0,1.0,0.9944755003596785,0.9896271542055154
COMP_L,0.5657903949788878,0.5821951466097097,0.5567640728074045,0.7146156901791976,0.7146156901791976,0.7146156901791976,0.7499018115441907,0.7548596412972112,0.8767381185705787,-0.571448229640215,-0.5640787134831763,-0.5863144564547617,0.46990342395252754,0.39910111746983423,0.5529434590147435,-0.6041176018849269,-0.6056341024980046,0.6846872766515218,0.3196256791973653,1.0,1.0,1.0,1.0,1.0,1.0,0.9944755003596785,0.9896271542055154
DEF_R,0.5657903949788878,0.5821951466097097,0.5567640728074045,0.7146156901791976,0.7146156901791976,0.7146156901791976,0.7499018115441907,0.7548596412972112,0.8767381185705787,-0.571448229640215,-0.5640787134831763,-0.5863144564547617,0.46990342395252754,0.39910111746983423,0.5529434590147435,-0.6041176018849269,-0.6056341024980046,0.6846872766515218,0.3196256791973653,1.0,1.0,1.0,1.0,1.0,1.0,0.9944755003596785,0.9896271542055154
DISC_C,0.5657903949788878,0.5821951466097097,0.5567640728074045,0.7146156901791976,0.7146156901791976,0.7146156901791976,0.7499018115441907,0.7548596412972112,0.8767381185705787,-0.571448229640215,-0.5640787134831763,-0.5863144564547617,0.46990342395252754,0.39910111746983423,0.5529434590147435,-0.6041176018849269,-0.6056341024980046,0.6846872766515218,0.3196256791973653,1.0,1.0,1.0,1.0,1.0,1.0,0.9944755003596785,0.9896271542055154
GOV_I,0.5657903949788878,0.5821951466097097,0.5567640728074045,0.7146156901791976,0.7146156901791976,0.7146156901791976,0.7499018115441907,0.7548596412972112,0.8767381185705787,-0.571448229640215,-0.5640787134831763,-0.5863144564547617,0.46990342395252754,0.39910111746983423,0.5529434590147435,-0.6041176018849269,-0.6056341024980046,0.6846872766515218,0.3196256791973653,1.0,1.0,1.0,1.0,1.0,1.0,0.9944755003596785,0.9896271542055154
SHIFT_I,0.5657903949788878,0.5821951466097097,0.5567640728074045,0.7146156901791976,0.7146156901791976,0.7146156901791976,0.7499018115441907,0.7548596412972112,0.8767381185705787,-0.571448229640215,-0.5640787134831763,-0.5863144564547617,0.46990342395252754,0.39910111746983423,0.5529434590147435,-0.6041176018849269,-0.6056341024980046,0.6846872766515218,0.3196256791973653,1.0,1.0,1.0,1.0,1.0,1.0,0.9944755003596785,0.9896271542055154
SIGNAL_H,0.4882048707862034,0.505843495568282,0.47838079813105006,0.6527086544818977,0.6527086544818977,0.6527086544818977,0.6927860099314084,0.69742366677374,0.8386551415357041,-0.49443185202290674,-0.4863703737171292,-0.5104281404288127,0.3876963464113107,0.31539908497774544,0.4742568148379655,-0.5311825563222099,-0.532817461706342,0.6190221341049217,0.23149076467459676,0.9944755003596785,0.9944755003596785,0.9944755003596785,0.9944755003596785,0.9944755003596785,0.9944755003596785,1.0,0.9690801573790405
SIGNAL_L,0.6618266427375091,0.676248528728374,0.6540539901962911,0.7865255067044675,0.7865255067044675,0.7865255067044675,0.8146215753467789,0.8199286792774864,0.9131350761748644,-0.6666040824522784,-0.66031374231275,-0.6796571106297868,0.5739842940535637,0.5064977133677754,0.650717082941412,-0.6931018959959682,-0.6944291524286842,0.7622771331184246,0.4345143650082407,0.9896271542055154,0.9896271542055154,0.9896271542055154,0.9896271542055154,0.9896271542055154,0.9896271542055154,0.9690801573790405,1.0
