DATAFLOW,MEASURE,INDEX,SECTOR,INDUSTRY,TSEST,REGION,FREQ,TIME_PERIOD,OBS_VALUE,UNIT_MEASURE,BASE_PERIOD,OBS_STATUS,OBS_COMMENT
ABS:WPI(1.2.0),1,THRPEB,7,Q,10,AUS,Q,1997-Q3,66.2,IN,,,
ABS:WPI(1.2.0),1,THRPEB,7,Q,10,AUS,Q,1997-Q4,66.9,IN,,,
ABS:WPI(1.2.0),1,THRPEB,7,Q,10,AUS,Q,1998-Q1,67.4,IN,,,
ABS:WPI(1.2.0),1,THRPEB,7,Q,10,AUS,Q,1998-Q2,67.6,IN,,,
ABS:WPI(1.2.0),1,THRPEB,7,Q,10,AUS,Q,1998-Q3,68.5,IN,,,
ABS:WPI(1.2.0),1,THRPEB,7,Q,10,AUS,Q,1998-Q4,69.3,IN,,,
ABS:WPI(1.2.0),1,THRPEB,7,Q,10,AUS,Q,1999-Q1,70,IN,,,
ABS:WPI(1.2.0),1,THRPEB,7,Q,10,AUS,Q,1999-Q2,70.2,IN,,,
ABS:WPI(1.2.0),1,THRPEB,7,Q,10,AUS,Q,1999-Q3,70.8,IN,,,
ABS:WPI(1.2.0),1,THRPEB,7,Q,10,AUS,Q,1999-Q4,71.2,IN,,,
ABS:WPI(1.2.0),1,THRPEB,7,Q,10,AUS,Q,2000-Q1,71.4,IN,,,
ABS:WPI(1.2.0),1,THRPEB,7,Q,10,AUS,Q,2000-Q2,71.8,IN,,,
ABS:WPI(1.2.0),1,THRPEB,7,Q,10,AUS,Q,2000-Q3,72.5,IN,,,
ABS:WPI(1.2.0),1,THRPEB,7,Q,10,AUS,Q,2000-Q4,73.1,IN,,,
ABS:WPI(1.2.0),1,THRPEB,7,Q,10,AUS,Q,2001-Q1,73.6,IN,,,
ABS:WPI(1.2.0),1,THRPEB,7,Q,10,AUS,Q,2001-Q2,74.1,IN,,,
ABS:WPI(1.2.0),1,THRPEB,7,Q,10,AUS,Q,2001-Q3,74.9,IN,,,
ABS:WPI(1.2.0),1,THRPEB,7,Q,10,AUS,Q,2001-Q4,75.4,IN,,,
ABS:WPI(1.2.0),1,THRPEB,7,Q,10,AUS,Q,2002-Q1,76.2,IN,,,
ABS:WPI(1.2.0),1,THRPEB,7,Q,10,AUS,Q,2002-Q2,76.5,IN,,,
ABS:WPI(1.2.0),1,THRPEB,7,Q,10,AUS,Q,2002-Q3,77.2,IN,,,
ABS:WPI(1.2.0),1,THRPEB,7,Q,10,AUS,Q,2002-Q4,77.7,IN,,,
ABS:WPI(1.2.0),1,THRPEB,7,Q,10,AUS,Q,2003-Q1,79.1,IN,,,
ABS:WPI(1.2.0),1,THRPEB,7,Q,10,AUS,Q,2003-Q2,79.5,IN,,,
ABS:WPI(1.2.0),1,THRPEB,7,Q,10,AUS,Q,2003-Q3,81.1,IN,,,
ABS:WPI(1.2.0),1,THRPEB,7,Q,10,AUS,Q,2003-Q4,81.9,IN,,,
ABS:WPI(1.2.0),1,THRPEB,7,Q,10,AUS,Q,2004-Q1,82.4,IN,,,
ABS:WPI(1.2.0),1,THRPEB,7,Q,10,AUS,Q,2004-Q2,82.7,IN,,,
ABS:WPI(1.2.0),1,THRPEB,7,Q,10,AUS,Q,2004-Q3,83.6,IN,,,
ABS:WPI(1.2.0),1,THRPEB,7,Q,10,AUS,Q,2004-Q4,84.5,IN,,,
ABS:WPI(1.2.0),1,THRPEB,7,Q,10,AUS,Q,2005-Q1,85.7,IN,,,
ABS:WPI(1.2.0),1,THRPEB,7,Q,10,AUS,Q,2005-Q2,86.1,IN,,,
ABS:WPI(1.2.0),1,THRPEB,7,Q,10,AUS,Q,2005-Q3,87.7,IN,,,
ABS:WPI(1.2.0),1,THRPEB,7,Q,10,AUS,Q,2005-Q4,88.6,IN,,,
ABS:WPI(1.2.0),1,THRPEB,7,Q,10,AUS,Q,2006-Q1,89.2,IN,,,
ABS:WPI(1.2.0),1,THRPEB,7,Q,10,AUS,Q,2006-Q2,90,IN,,,
ABS:WPI(1.2.0),1,THRPEB,7,Q,10,AUS,Q,2006-Q3,91.4,IN,,,
ABS:WPI(1.2.0),1,THRPEB,7,Q,10,AUS,Q,2006-Q4,92.6,IN,,,
ABS:WPI(1.2.0),1,THRPEB,7,Q,10,AUS,Q,2007-Q1,93.5,IN,,,
ABS:WPI(1.2.0),1,THRPEB,7,Q,10,AUS,Q,2007-Q2,93.9,IN,,,
ABS:WPI(1.2.0),1,THRPEB,7,Q,10,AUS,Q,2007-Q3,95.2,IN,,,
ABS:WPI(1.2.0),1,THRPEB,7,Q,10,AUS,Q,2007-Q4,96.2,IN,,,
ABS:WPI(1.2.0),1,THRPEB,7,Q,10,AUS,Q,2008-Q1,96.8,IN,,,
ABS:WPI(1.2.0),1,THRPEB,7,Q,10,AUS,Q,2008-Q2,97.3,IN,,,
ABS:WPI(1.2.0),1,THRPEB,7,Q,10,AUS,Q,2008-Q3,98.3,IN,,,
ABS:WPI(1.2.0),1,THRPEB,7,Q,10,AUS,Q,2008-Q4,99.8,IN,,,
ABS:WPI(1.2.0),1,THRPEB,7,Q,10,AUS,Q,2009-Q1,100.8,IN,,,
ABS:WPI(1.2.0),1,THRPEB,7,Q,10,AUS,Q,2009-Q2,101.1,IN,,,
ABS:WPI(1.2.0),1,THRPEB,7,Q,10,AUS,Q,2009-Q3,102.7,IN,,,
ABS:WPI(1.2.0),1,THRPEB,7,Q,10,AUS,Q,2009-Q4,103.7,IN,,,
ABS:WPI(1.2.0),1,THRPEB,7,Q,10,AUS,Q,2010-Q1,104.6,IN,,,
ABS:WPI(1.2.0),1,THRPEB,7,Q,10,AUS,Q,2010-Q2,105.1,IN,,,
ABS:WPI(1.2.0),1,THRPEB,7,Q,10,AUS,Q,2010-Q3,106.6,IN,,,
ABS:WPI(1.2.0),1,THRPEB,7,Q,10,AUS,Q,2010-Q4,107.4,IN,,,
ABS:WPI(1.2.0),1,THRPEB,7,Q,10,AUS,Q,2011-Q1,108.1,IN,,,
ABS:WPI(1.2.0),1,THRPEB,7,Q,10,AUS,Q,2011-Q2,108.9,IN,,,
ABS:WPI(1.2.0),1,THRPEB,7,Q,10,AUS,Q,2011-Q3,109.9,IN,,,
ABS:WPI(1.2.0),1,THRPEB,7,Q,10,AUS,Q,2011-Q4,110.6,IN,,,
ABS:WPI(1.2.0),1,THRPEB,7,Q,10,AUS,Q,2012-Q1,111.3,IN,,,
ABS:WPI(1.2.0),1,THRPEB,7,Q,10,AUS,Q,2012-Q2,111.7,IN,,,
ABS:WPI(1.2.0),1,THRPEB,7,Q,10,AUS,Q,2012-Q3,113.5,IN,,,
ABS:WPI(1.2.0),1,THRPEB,7,Q,10,AUS,Q,2012-Q4,114.5,IN,,,
ABS:WPI(1.2.0),1,THRPEB,7,Q,10,AUS,Q,2013-Q1,115,IN,,,
ABS:WPI(1.2.0),1,THRPEB,7,Q,10,AUS,Q,2013-Q2,115.5,IN,,,
ABS:WPI(1.2.0),1,THRPEB,7,Q,10,AUS,Q,2013-Q3,116.7,IN,,,
ABS:WPI(1.2.0),1,THRPEB,7,Q,10,AUS,Q,2013-Q4,117.6,IN,,,
ABS:WPI(1.2.0),1,THRPEB,7,Q,10,AUS,Q,2014-Q1,118.3,IN,,,
ABS:WPI(1.2.0),1,THRPEB,7,Q,10,AUS,Q,2014-Q2,118.8,IN,,,
ABS:WPI(1.2.0),1,THRPEB,7,Q,10,AUS,Q,2014-Q3,120.2,IN,,,
ABS:WPI(1.2.0),1,THRPEB,7,Q,10,AUS,Q,2014-Q4,120.9,IN,,,
ABS:WPI(1.2.0),1,THRPEB,7,Q,10,AUS,Q,2015-Q1,121.4,IN,,,
ABS:WPI(1.2.0),1,THRPEB,7,Q,10,AUS,Q,2015-Q2,122,IN,,,
ABS:WPI(1.2.0),1,THRPEB,7,Q,10,AUS,Q,2015-Q3,123.3,IN,,,
ABS:WPI(1.2.0),1,THRPEB,7,Q,10,AUS,Q,2015-Q4,123.8,IN,,,
ABS:WPI(1.2.0),1,THRPEB,7,Q,10,AUS,Q,2016-Q1,124.5,IN,,,
ABS:WPI(1.2.0),1,THRPEB,7,Q,10,AUS,Q,2016-Q2,124.8,IN,,,
ABS:WPI(1.2.0),1,THRPEB,7,Q,10,AUS,Q,2016-Q3,126.2,IN,,,
ABS:WPI(1.2.0),1,THRPEB,7,Q,10,AUS,Q,2016-Q4,126.8,IN,,,
ABS:WPI(1.2.0),1,THRPEB,7,Q,10,AUS,Q,2017-Q1,127.4,IN,,,
ABS:WPI(1.2.0),1,THRPEB,7,Q,10,AUS,Q,2017-Q2,128,IN,,,
ABS:WPI(1.2.0),1,THRPEB,7,Q,10,AUS,Q,2017-Q3,129.6,IN,,,
ABS:WPI(1.2.0),1,THRPEB,7,Q,10,AUS,Q,2017-Q4,130.3,IN,,,
ABS:WPI(1.2.0),1,THRPEB,7,Q,10,AUS,Q,2018-Q1,130.9,IN,,,
ABS:WPI(1.2.0),1,THRPEB,7,Q,10,AUS,Q,2018-Q2,131.4,IN,,,
ABS:WPI(1.2.0),1,THRPEB,7,Q,10,AUS,Q,2018-Q3,133.2,IN,,,
ABS:WPI(1.2.0),1,THRPEB,7,Q,10,AUS,Q,2018-Q4,134,IN,,,
ABS:WPI(1.2.0),1,THRPEB,7,Q,10,AUS,Q,2019-Q1,134.8,IN,,,
ABS:WPI(1.2.0),1,THRPEB,7,Q,10,AUS,Q,2019-Q2,135.7,IN,,,
ABS:WPI(1.2.0),1,THRPEB,7,Q,10,AUS,Q,2019-Q3,137.5,IN,,,
ABS:WPI(1.2.0),1,THRPEB,7,Q,10,AUS,Q,2019-Q4,138.1,IN,,,
ABS:WPI(1.2.0),1,THRPEB,7,Q,10,AUS,Q,2020-Q1,138.9,IN,,,
ABS:WPI(1.2.0),1,THRPEB,7,Q,10,AUS,Q,2020-Q2,139,IN,,,
ABS:WPI(1.2.0),1,THRPEB,7,Q,10,AUS,Q,2020-Q3,140.1,IN,,,
ABS:WPI(1.2.0),1,THRPEB,7,Q,10,AUS,Q,2020-Q4,140.3,IN,,,
ABS:WPI(1.2.0),1,THRPEB,7,Q,10,AUS,Q,2021-Q1,141.3,IN,,,
ABS:WPI(1.2.0),1,THRPEB,7,Q,10,AUS,Q,2021-Q2,141.5,IN,,,
ABS:WPI(1.2.0),1,THRPEB,7,Q,10,AUS,Q,2021-Q3,142.7,IN,,,
ABS:WPI(1.2.0),1,THRPEB,7,Q,10,AUS,Q,2021-Q4,143.6,IN,,,
ABS:WPI(1.2.0),1,THRPEB,7,Q,10,AUS,Q,2022-Q1,144.2,IN,,,
ABS:WPI(1.2.0),1,THRPEB,7,Q,10,AUS,Q,2022-Q2,144.7,IN,,,
ABS:WPI(1.2.0),1,THRPEB,7,Q,10,AUS,Q,2022-Q3,146.9,IN,,,
ABS:WPI(1.2.0),1,THRPEB,7,Q,10,AUS,Q,2022-Q4,147.9,IN,,,
ABS:WPI(1.2.0),1,THRPEB,7,Q,10,AUS,Q,2023-Q1,148.8,IN,,,
ABS:WPI(1.2.0),1,THRPEB,7,Q,10,AUS,Q,2023-Q2,149.5,IN,,,
ABS:WPI(1.2.0),1,THRPEB,7,Q,10,AUS,Q,2023-Q3,154.1,IN,,,
ABS:WPI(1.2.0),1,THRPEB,7,Q,10,AUS,Q,2023-Q4,156.1,IN,,,
ABS:WPI(1.2.0),1,THRPEB,7,Q,10,AUS,Q,2024-Q1,156.7,IN,,,
ABS:WPI(1.2.0),1,THRPEB,7,Q,10,AUS,Q,2024-Q2,157,IN,,,
ABS:WPI(1.2.0),1,THRPEB,7,Q,10,AUS,Q,2024-Q3,159.6,IN,,,
ABS:WPI(1.2.0),1,THRPEB,7,Q,10,AUS,Q,2024-Q4,160.5,IN,,,
ABS:WPI(1.2.0),1,THRPEB,7,Q,10,AUS,Q,2025-Q1,162.7,IN,,,
ABS:WPI(1.2.0),1,THRPEB,7,Q,10,AUS,Q,2025-Q2,163.2,IN,,,
ABS:WPI(1.2.0),1,THRPEB,7,Q,10,AUS,Q,2025-Q3,165.7,IN,,,
